create database sales;
use sales;

CREATE TABLE IF NOT EXISTS client (
  num_client int(11) NOT NULL auto_increment,
  society varchar(60) default NULL,
  contact varchar(30) default NULL,
  addres varchar(40) default NULL,
  zipcode varchar(5) default NULL,
  city varchar(30) default NULL,
  phone varchar(15) default NULL,
  fax varchar(15) default NULL,
  confirmation tinyint(1) default NULL,
  payment varchar(18) default NULL,
  Informations mediumtext,
  max_outstanding double default NULL,
  PRIMARY KEY  (num_client)
) ;

--
-- Dumping data for table 'client'
--

INSERT INTO client VALUES (1,'Frends of animals','Paul Masson','13, place Napoleon Bonaparte','77300','FONTAINEBLEAU','01 45 56 67 78','01 45 56 67 80',0,'Draft + 30 days','If command over + 30 000 F, transporter assurance',250000);
INSERT INTO client VALUES (2,'Editions Black Jack','Jean Holdeux','Batiment Homere 47, rue du Bo','75001','PARIS','01 45 56 34 56','01 45 56 36 76',0,'Draft + 30 days','Delivery with Jet Service',150000);
INSERT INTO client VALUES (3,'Kao Tech','Jerome Bosh','19, impasse Carriere-Mainguet','75011','PARIS','01 68 45 47 90','01 68 45 50 32',0,'Draft + 30 days','Client pick-up. Notify when ready',200000);
INSERT INTO client VALUES (4,'Assurauto','Louis Lhermite','21, rue Uzes','75002','PARIS','01 34 56 98 65','01 34 56 12 43',0,'Cheque + reception','Notify if delay',100000);
INSERT INTO client VALUES (5,'Point blue S.A.','Martine Houdon','18, place Saint-Sulpice','75006','PARIS','01 66 66 67 65','01 66 55 68 76',0,'Cheque + reception','Delevery with post mail',100000);
INSERT INTO client VALUES (6,'Cabinet Martin','Paul Pons','157, Bd Saint-Germain','75005','PARIS','01 43 56 43 43','01 43 56 67 54',0,'Draft + 30 days','If command not full, partial bill',200000);
INSERT INTO client VALUES (7,'Editions Corbeau','Pierre Hochon','2, rue du Cherche-Midi','75006','PARIS','01 65 45 65 45','01 65 45 65 46',0,'Draft + 90 days','High protection tropica packaging',450000);
INSERT INTO client VALUES (8,'Audio Son','Maurice Marcellin','12, impasse du Cure','75018','PARIS','01 47 00 04 05','01 47 00 04 06',0,'Cheque + reception',NULL,50000);
INSERT INTO client VALUES (9,'Info Systemes (France) S.A.','Brigitte Leclerc','B.P. 32','92406','PUTEAUX','01 34 34 34 54','01 34 34 34 43',0,'Draft + 90 days',NULL,450000);
INSERT INTO client VALUES (10,'Restaurant le Cordon blue','Alain Dercourt','21, rue Maurice Ravel','92110','CLICHY','01 48 00 58 02','01 48 00 57 65',0,'Draft + 60 days',NULL,350000);
INSERT INTO client VALUES (11,'Ecole Superieure des Arts Appliques','Michel Fermier','flateau de Moulon','91190','ORSAY','01 43 45 43 45','01 43 45 67 89',0,'Draft + 90 days',NULL,450000);
INSERT INTO client VALUES (12,'Techniflex Consultants','Mylene Bergere','12, Rue Montespan','91000','EVRY','01 68 64 69 63','01 68 64 65 11',0,'Cheque + reception',NULL,100000);
INSERT INTO client VALUES (13,'G.J.T.C.A','Guillaume Durand','18, Rue de Tournon','75006','PARIS','01 10 34 58 45','01 10 45 79 33',0,'Draft + 60 days',NULL,300000);
INSERT INTO client VALUES (14,'Agrotechnique S.A.','Monique Sempaix','25, Rue Tronchet','75008','PARIS','01 46 43 89 01','01 46 43 89 27',0,'Draft + 90 days',NULL,450000);
INSERT INTO client VALUES (15,'Konimai Japan','Francois Martichoux','Parc les Algorithmes','91194','GIF-SUR-YVETTE','01 55 67 91 12','01 55 67 92 21',0,'Draft + 90 days',NULL,400000);
INSERT INTO client VALUES (16,'Dupont, Dupond & Associes','Alfred Lepont','29, Rue Saint-Andre-des-Arts','75006','PARIS','01 56 30 03 65','01 56 30 00 01',0,'Draft + 60 days',NULL,300000);
INSERT INTO client VALUES (17,'Ets Monsaingeon','Leon Delisle','62, CD 13','95330','DOMONT','01 42 24 46 30','01 42 24 30 28',0,'Draft + 60 days',NULL,300000);
INSERT INTO client VALUES (18,'Daniel Publicite S.A.','Pierre Gerard','130, rue du 8 Mai 1945','92000','NANTERRE','01 35 56 98 65','01 35 56 12 43',0,'Draft + 90 days',NULL,400000);
INSERT INTO client VALUES (19,'SCADEC','Alice Bideau','41, rue Jean Didier','71300','MONTCEAU LES MINES','03 67 66 67 65','03 67 55 68 76',0,'Draft + 30 days',NULL,150000);
INSERT INTO client VALUES (20,'ATM','Renee Blutte','87, rue Cartier Bresson','27000','EVREUX','02 44 56 43 43','02 44 56 67 54',0,'Draft + 90 days',NULL,450000);
INSERT INTO client VALUES (21,'Ducarroz','Corine Favre','ZA Saint Ernel','56300','PONTIVY','02 66 45 65 45','02 66 45 65 46',0,'Draft + 30 days',NULL,150000);
INSERT INTO client VALUES (22,'Jolivet SARL','Martine Salinier','Allee du flateau','77200','TORCY','01 48 00 04 05','01 48 00 04 06',0,'Draft + 30 days',NULL,250000);
INSERT INTO client VALUES (23,'Bongard SA','Jeau-Claude Ayrault','45, av Aristide Briand','94110','ARCUEIL','01 35 34 34 54','01 35 34 34 43',0,'Draft + 60 days',NULL,300000);
INSERT INTO client VALUES (24,'Fondrie Cafal','Fernand Aupee','171, route Espagne','31037','TOULOUSE','05 49 00 58 02','05 49 00 57 65',0,'Draft + 90 days',NULL,450000);
INSERT INTO client VALUES (25,'Sofimet','Jacques Eutrope','3 , rue Lionne','38000','GRENOBLE','04 44 45 43 45','04 44 45 67 89',0,'Draft + 30 days',NULL,150000);
INSERT INTO client VALUES (26,'QAMA','Raymond Mimouni','4, rue Baptist Marcet','38600','FONTAINE','04 69 64 69 63','04 69 64 65 11',0,'Draft + 60 days',NULL,350000);
INSERT INTO client VALUES (27,'Viland SA','Antonio Lopes','10, rue Dieu','78534','BUC','01 11 34 58 45','01 11 45 79 33',0,'Draft + 60 days',NULL,300000);
INSERT INTO client VALUES (28,'GAO','Jacques Flutteaux','48, rue de Montmartre','75002','PARIS','01 47 43 89 01','01 47 43 89 27',0,'Draft + 30 days',NULL,250000);
INSERT INTO client VALUES (29,'Serma','Fabienne Lecleve','21, rue Leonard de Vinci','69120','VAULX EN VELIN','04 56 67 91 12','04 56 67 92 21',0,'Draft + 30 days',NULL,150000);
INSERT INTO client VALUES (30,'Scamp','Robert Malon','484, rue Richelieu','73490','LA RAVOIRE','04 57 30 03 65','04 57 30 00 01',0,'Draft + 30 days',NULL,250000);
INSERT INTO client VALUES (31,'CMEG','Claude Hinard','Le flat bois','14440','DOUVRES','02 43 24 46 30','02 43 24 30 28',0,'Draft + 90 days',NULL,450000);
INSERT INTO client VALUES (32,'De Sa Texeira','Antoine Pangrani','rue Saint Gabriel','14480','CREUILLY','02 36 56 98 65','02 36 56 12 43',0,'Draft + 60 days',NULL,300000);
INSERT INTO client VALUES (33,'SCGC','Emile Martinez','34, Bd Picpus','75012','PARIS','01 68 66 67 65','01 68 55 68 76',0,'Draft + 90 days',NULL,400000);
INSERT INTO client VALUES (34,'Regreen SA','Michelle Guibert','3, rue de Metz','75010','PARIS','01 45 56 43 43','01 45 56 67 54',0,'Draft + 30 days',NULL,250000);
INSERT INTO client VALUES (35,'Cebati','Simone Oblet','rue de la gare','85490','BENET','04 67 45 65 45','01 67 45 65 46',0,'Draft + 60 days',NULL,350000);
INSERT INTO client VALUES (36,'Rival','Benjamin Capitao','route de Nogent','92230','GENNEVILLIERS','01 49 00 04 05','01 49 00 04 06',0,'Draft + 30 days',NULL,250000);
INSERT INTO client VALUES (37,'Bertolino SA','Marie Lanies','1, rue Antoine Fee','30904','NIMES','04 36 34 34 54','04 36 34 34 43',0,'Draft + 90 days',NULL,400000);
INSERT INTO client VALUES (38,'Moreau-Lathus','Joseph Siaou','37, rue Pave','30129','MANDUEL','04 50 00 58 02','04 50 00 57 65',0,'Cheque + reception',NULL,100000);
INSERT INTO client VALUES (39,'Bati2000','Serafim Figueiredo','Place de la Gare','93500','PANTIN','01 45 45 43 45','01 45 45 67 89',0,'Draft + 90 days',NULL,450000);
INSERT INTO client VALUES (40,'Renisco','Emile Leflot','rue Arthur Enaud','42330','SAINT-GALMIER','02 70 64 69 63','0270 64 65 11',0,'Draft + 30 days',NULL,250000);
INSERT INTO client VALUES (41,'Serupa','Pierre Dalet','4, rue Florentin Thorel','26260','MARGES','03 12 34 58 45','03 12 45 79 33',0,'Draft + 60 days',NULL,300000);
INSERT INTO client VALUES (42,'Ets Guy Mongeal','Robert Giffaut','10, rue Jean Fievet','74202','THONON','04 48 43 89 01','04 48 43 89 27',0,'Draft + 90 days',NULL,400000);
INSERT INTO client VALUES (43,'SAGA','Roger Berche','6, Bd de Europe','17310','ARCENS','03 57 67 91 12','03 57 67 92 21',0,'Draft + 90 days',NULL,500000);
INSERT INTO client VALUES (44,'SEEP SARL','Blanche Portecop','44, av. Jean Baptist Lebas','16540','FONTAN','03 58 30 03 65','03 58 30 00 01',0,'Draft + 60 days',NULL,300000);
INSERT INTO client VALUES (45,'Desbrosses SA','Chantal Courtin','5, rue de Verdun','42120','LE COTEAU','03 44 24 46 30','03 44 24 30 28',0,'Draft + 30 days',NULL,200000);
INSERT INTO client VALUES (46,'Chiavazza Constructions','Pascale Decity','12, rue Machefer','69140','RILLEUX','04 37 56 98 65','04 37 56 12 43',0,'Draft + 60 days',NULL,350000);
INSERT INTO client VALUES (47,'Ateliers 92','Christian Chesnay','85, rue de Maubeuge','42155','POUILLY','04 69 66 67 65','04 69 55 68 76',0,'Draft + 30 days',NULL,150000);
INSERT INTO client VALUES (48,'Entreprise de menuiserie Laure','Christophe Huart','19, rue Drouot','42153','RIORGES','02 46 56 43 43','02 46 56 67 54',0,'Draft + 30 days',NULL,150000);
INSERT INTO client VALUES (49,'JJET peintures','Simone Boureau','147, rue du Temple','94404','VITRY','01 68 45 65 45','01 68 45 65 46',0,'Draft + 60 days',NULL,350000);
INSERT INTO client VALUES (50,'ITG','Ginette Gaudemar','20, rue du Bourg Neuf','48150','MEYRUEIS','05 50 00 04 05','05 50 00 04 06',0,'Draft + 60 days',NULL,300000);
INSERT INTO client VALUES (51,'Fichot et associes','Eric Zana','route des Landes','78250','HARDRICOURT','01 37 34 34 54','01 37 34 34 43',0,'Draft + 30 days',NULL,150000);
INSERT INTO client VALUES (52,'M.E.I.','Laurent Bertucat','48, rue Paul Petit','67026','STRASBOURG','03 51 00 58 02','03 51 00 57 65',0,'Draft + 60 days',NULL,350000);
INSERT INTO client VALUES (53,'Polzella SARL','Roger Grandgirard','Route de Grignols','69100','cityURBANNE','04 46 45 43 45','04 46 45 67 89',0,'Cheque + reception',NULL,100000);
INSERT INTO client VALUES (54,'Novex','Jean Comte','67 rue Simon Dumartin','64000','PAU','05 71 64 69 63','05 71 64 65 11',0,'Cheque + reception',NULL,100000);
INSERT INTO client VALUES (55,'Ertim SA','Alain Renard','55, rue Remoncourt','68200','MULHOUSE','03 13 34 58 45','03 13 45 79 33',0,'Draft + 30 days',NULL,200000);
INSERT INTO client VALUES (56,'Cogeto','Francois Biziau','24, rue Saint Charles','77930','PERTHES','01 49 43 89 01','01 49 43 89 27',0,'Draft + 60 days',NULL,350000);
INSERT INTO client VALUES (57,'Cabinet Goizet','Agnes Blanc','3, av. de la Gare','95700','ROISSY','01 58 67 91 12','01 58 67 92 21',0,'Draft + 90 days',NULL,400000);
INSERT INTO client VALUES (58,'Architecture and Communication','Christian Gobert','110, rue Relles Goutes','78310','MAUREPAS','01 59 30 03 65','01 59 30 00 01',0,'Draft + 30 days',NULL,250000);
INSERT INTO client VALUES (59,'Fanton renovation','Mario Lonni','53 rue du Fosse Blanc','94100','SAINT-MAUR','01 72 64 69 63','01 72 64 65 11',0,'Draft + 30 days',NULL,250000);
INSERT INTO client VALUES (60,'Manulion','Michel Salom','34, rue Edouard Vaillant','69003','LYON','04 14 34 58 45','04 14 45 79 33',0,'Draft + 60 days',NULL,300000);
INSERT INTO client VALUES (61,'VEGA SARL','Paul Vernant','45, Avenue du Quebec','91190','ORSAY','01 69 45 87 12','01 69 45 09 08',0,'Draft + 30 days',NULL,200000);
INSERT INTO client VALUES (62,'LEGEND','Paul Turner','23 Bd Franklin Roosevelt','92160','ANTONY','01 46 66 57 89','01 46 66 23 12',0,'Draft + 60 days',NULL,350000);

--
-- Table structure for table 'outstanding'
--

CREATE TABLE  IF NOT EXISTS outstanding (
  num_client int(11) NOT NULL default '0',
  outstanding double default NULL,
  last_command datetime default NULL,
  PRIMARY KEY  (num_client),
  CONSTRAINT `0_53` FOREIGN KEY (`num_client`) REFERENCES `client` (`num_client`)
) ;

--
-- Dumping data for table 'outstanding'
--

INSERT INTO outstanding VALUES (1,0,'1996-08-25 00:00:00');
INSERT INTO outstanding VALUES (2,0,'1996-08-22 00:00:00');
INSERT INTO outstanding VALUES (3,169180.25,'1996-12-29 00:00:00');
INSERT INTO outstanding VALUES (4,35310.04,'1996-12-21 00:00:00');
INSERT INTO outstanding VALUES (5,0,'1996-07-06 00:00:00');
INSERT INTO outstanding VALUES (6,0,'1996-03-20 00:00:00');
INSERT INTO outstanding VALUES (7,0,'1996-07-25 00:00:00');
INSERT INTO outstanding VALUES (8,57597.79,'1996-10-11 00:00:00');
INSERT INTO outstanding VALUES (9,0,'1996-05-27 00:00:00');
INSERT INTO outstanding VALUES (10,0,'1996-01-02 00:00:00');
INSERT INTO outstanding VALUES (11,0,'1996-04-01 00:00:00');
INSERT INTO outstanding VALUES (12,0,'1996-09-08 00:00:00');
INSERT INTO outstanding VALUES (13,0,'1996-05-19 00:00:00');
INSERT INTO outstanding VALUES (14,0,'1996-08-06 00:00:00');
INSERT INTO outstanding VALUES (15,0,'1996-01-15 00:00:00');
INSERT INTO outstanding VALUES (16,316029.97,'1996-11-10 00:00:00');
INSERT INTO outstanding VALUES (17,0,'1996-05-01 00:00:00');
INSERT INTO outstanding VALUES (18,0,'1996-04-13 00:00:00');
INSERT INTO outstanding VALUES (19,166790.39,'1996-10-13 00:00:00');
INSERT INTO outstanding VALUES (20,0,'1996-05-31 00:00:00');
INSERT INTO outstanding VALUES (21,113677.3,'1996-10-13 00:00:00');
INSERT INTO outstanding VALUES (22,285041.49,'1996-10-11 00:00:00');
INSERT INTO outstanding VALUES (23,0,'1996-01-20 00:00:00');
INSERT INTO outstanding VALUES (24,0,'1996-09-10 00:00:00');
INSERT INTO outstanding VALUES (25,0,'1996-04-07 00:00:00');
INSERT INTO outstanding VALUES (26,0,'1996-06-08 00:00:00');
INSERT INTO outstanding VALUES (27,0,'1996-06-25 00:00:00');
INSERT INTO outstanding VALUES (28,0,'1996-09-01 00:00:00');
INSERT INTO outstanding VALUES (29,0,'1996-08-28 00:00:00');
INSERT INTO outstanding VALUES (30,235033.39,'1996-10-13 00:00:00');
INSERT INTO outstanding VALUES (31,94523.83,'1996-12-25 00:00:00');
INSERT INTO outstanding VALUES (32,0,'1996-07-20 00:00:00');
INSERT INTO outstanding VALUES (33,0,'1996-03-24 00:00:00');
INSERT INTO outstanding VALUES (34,0,'1996-03-08 00:00:00');
INSERT INTO outstanding VALUES (35,0,'1996-09-21 00:00:00');
INSERT INTO outstanding VALUES (36,0,'1996-09-08 00:00:00');
INSERT INTO outstanding VALUES (37,0,'1996-07-07 00:00:00');
INSERT INTO outstanding VALUES (38,0,'1996-01-18 00:00:00');
INSERT INTO outstanding VALUES (39,0,'1996-02-23 00:00:00');
INSERT INTO outstanding VALUES (40,0,'1996-01-16 00:00:00');
INSERT INTO outstanding VALUES (41,0,'1996-01-23 00:00:00');
INSERT INTO outstanding VALUES (42,0,'1996-05-02 00:00:00');
INSERT INTO outstanding VALUES (43,0,'1996-06-24 00:00:00');
INSERT INTO outstanding VALUES (44,0,'1996-05-28 00:00:00');
INSERT INTO outstanding VALUES (45,224782.52,'1996-12-06 00:00:00');
INSERT INTO outstanding VALUES (46,136194.11,'1996-10-30 00:00:00');
INSERT INTO outstanding VALUES (47,170641.52,'1996-12-05 00:00:00');
INSERT INTO outstanding VALUES (48,102350.11,'1996-12-27 00:00:00');
INSERT INTO outstanding VALUES (49,0,'1996-01-13 00:00:00');
INSERT INTO outstanding VALUES (50,0,'1996-02-12 00:00:00');
INSERT INTO outstanding VALUES (51,0,'1996-01-11 00:00:00');
INSERT INTO outstanding VALUES (52,254682.28,'1996-11-26 00:00:00');
INSERT INTO outstanding VALUES (53,0,'1996-08-30 00:00:00');
INSERT INTO outstanding VALUES (54,0,'1996-02-21 00:00:00');
INSERT INTO outstanding VALUES (55,0,'1996-08-13 00:00:00');
INSERT INTO outstanding VALUES (56,184167.97,'1996-10-06 00:00:00');
INSERT INTO outstanding VALUES (57,0,'1996-06-03 00:00:00');
INSERT INTO outstanding VALUES (58,184331.56,'1996-12-08 00:00:00');
INSERT INTO outstanding VALUES (59,271079.43,'1996-09-30 00:00:00');
INSERT INTO outstanding VALUES (60,0,'1996-07-26 00:00:00');
INSERT INTO outstanding VALUES (61,0,'1996-04-14 00:00:00');
INSERT INTO outstanding VALUES (62,0,'1996-07-11 00:00:00');


--
-- Table structure for table 'supplier'
--

CREATE TABLE  IF NOT EXISTS supplier (
  num int(11) NOT NULL auto_increment,
  society varchar(60) default NULL,
  contact varchar(30) default NULL,
  addres varchar(40) default NULL,
  zipcode varchar(5) default NULL,
  city varchar(30) default NULL,
  phone varchar(15) default NULL,
  fax varchar(15) default NULL,
  PRIMARY KEY  (num)
) ;

--
-- Dumping data for table 'supplier'
--

INSERT INTO supplier VALUES (1,'Bureau S.A.','Maurice Porteboeuf','121, Rue Montespan','74202','THONON','04 55 67 91 12','04 55 67 92 21');
INSERT INTO supplier VALUES (2,'Fournitures modernes','Francois Courtinaud','19, Rue Saint-Andre-des-Arts','17310','ARCENS','05 56 30 03 65','05 56 30 00 01');
INSERT INTO supplier VALUES (3,'Bergenod S.A.','Pascale Morizot','13, rue du 8 Mai 1945','16540','FONTAN','03 42 24 46 30','03 42 24 30 28');
INSERT INTO supplier VALUES (4,'Stationays du centre','Christine Chevillard','2, Rue Tronchet','27000','EVREUX','02 35 56 98 65','02 35 56 12 43');
INSERT INTO supplier VALUES (5,'Alpha plus','Christophe Hondel','17, Bd Picpus','71300','MONTCEAU LES MINES','03 11 34 58 45','03 11 45 79 33');
INSERT INTO supplier VALUES (6,'Ets Martin','Simone Bourguignon','12, rue Antoine Fee','56300','PONTIVY','02 47 43 89 01','02 47 43 89 27');
INSERT INTO supplier VALUES (7,'Editions entreprise','Aline Verney','7, rue Cartier Bresson','77200','TORCY','01 56 67 91 12','01 56 67 92 21');
INSERT INTO supplier VALUES (8,'Audio Max','Eric Fanarassou','145, av Aristide Briand','31037','TOULOUSE','05 68 66 67 65','05 68 55 68 76');
INSERT INTO supplier VALUES (9,'Info Media','Laurent Berthelod','9, rue Arthur Enaud','38000','GRENOBLE','04 45 56 43 43','04 45 56 67 54');
INSERT INTO supplier VALUES (10,'Les leathers modernes','Roger Grandbernard','23, rue de la gare','38600','FONTAINE','04 68 64 69 63','04 68 64 65 11');

--
-- Table structure for table 'article'
--

CREATE TABLE  IF NOT EXISTS article (
  reference varchar(6) NOT NULL default '',
  category varchar(15) default NULL,
  name varchar(100) default NULL,
  supplier int(11) default NULL,
  price double default NULL,
  vat double default NULL,
  stock smallint(6) default NULL,
  critical_stock smallint(6) default NULL,
  PRIMARY KEY  (reference),
  KEY supplier_index (supplier),
  CONSTRAINT `0_43` FOREIGN KEY (`supplier`) REFERENCES `supplier` (`num`)
) ;

--
-- Dumping data for table 'article'
--

INSERT INTO article VALUES ('05-303','Furniture','High chair',3,1090,20.6,55,20);
INSERT INTO article VALUES ('07-390','Furniture','Round table',1,1820,20.6,19,5);
INSERT INTO article VALUES ('08-151','Furniture','Midimu-hight cabinet',1,3995,20.6,8,5);
INSERT INTO article VALUES ('09-077','Furniture','Juxtaposable low cabinet',1,1430,20.6,16,5);
INSERT INTO article VALUES ('11-518','Furniture','Miniter desk',1,3190,20.6,18,5);
INSERT INTO article VALUES ('11-543','Furniture','Half ministr desk',1,2010,20.6,4,5);
INSERT INTO article VALUES ('11-573','Furniture','Secretary desk',1,2890,20.6,24,5);
INSERT INTO article VALUES ('11-583','Furniture','Dactylo desk',1,1890,20.6,18,5);
INSERT INTO article VALUES ('14-040','Furniture','Mobile 3-drawers cabinet',1,2410,20.6,8,10);
INSERT INTO article VALUES ('15-991','Furniture','Printer stand',9,1370,20.6,41,10);
INSERT INTO article VALUES ('25-069','Stationay','Archive box green (hundred)',5,344,20.6,912,200);
INSERT INTO article VALUES ('25-070','Stationay','Archive box red (hundred)',5,344,20.6,202,200);
INSERT INTO article VALUES ('25-071','Stationay','Archive box blue (hundred)',5,344,20.6,183,200);
INSERT INTO article VALUES ('25-072','Stationay','Archive box yellow (hundred)',5,344,20.6,479,200);
INSERT INTO article VALUES ('25-073','Stationay','Archive box black (hundred)',5,344,20.6,801,200);
INSERT INTO article VALUES ('25-074','Stationay','Archive box grey (hundred)',5,344,20.6,947,200);
INSERT INTO article VALUES ('25-075','Stationay','Archive box marron (hundred)',5,344,20.6,336,200);
INSERT INTO article VALUES ('31-068','Digital','USB stick, 2 GB',9,8.8,20.6,317,200);
INSERT INTO article VALUES ('31-069','Digital','USB stick, 4 GB',9,15.8,20.6,158,100);
INSERT INTO article VALUES ('31-070','Digital','USB stick, 16 GB',9,6.6,20.6,348,200);
INSERT INTO article VALUES ('31-071','Digital','USB stick, 32 GB',9,12.4,20.6,237,100);
INSERT INTO article VALUES ('31-072','Digital','Cardridge DC 300 XL/P',9,232.3,20.6,220,100);
INSERT INTO article VALUES ('31-073','Digital','Cardridge DC 600 A',9,240.7,20.6,451,100);
INSERT INTO article VALUES ('31-074','Digital','Cardridge DC 6150',9,285.5,20.6,315,100);
INSERT INTO article VALUES ('31-075','Digital','Cardridge DC 2000',9,211.7,20.6,364,100);
INSERT INTO article VALUES ('31-076','Digital','Cardridge DC 6320',9,377.5,20.6,405,100);
INSERT INTO article VALUES ('31-077','Digital','Cardridge DC 6525',9,429.5,20.6,232,100);
INSERT INTO article VALUES ('31-080','Audiovisual','Tape audio standard',8,15,20.6,107,30);
INSERT INTO article VALUES ('31-081','Audiovisual','Micro-Tape audio',8,36.6,20.6,86,20);
INSERT INTO article VALUES ('31-082','Audiovisual','Audioplayer secretary Sony',8,3290,20.6,5,5);
INSERT INTO article VALUES ('31-083','Audiovisual','Dictaphone Olympus DT 1010',8,2950,20.6,16,5);
INSERT INTO article VALUES ('31-084','Audiovisual','Pocket memo',8,896,20.6,21,5);
INSERT INTO article VALUES ('31-085','Audiovisual','Pocket memo professional',8,1750,20.6,19,5);
INSERT INTO article VALUES ('31-086','Audiovisual','Electronic diary office',9,730,20.6,15,5);
INSERT INTO article VALUES ('31-087','Audiovisual','Electronic diary pocket',9,393,20.6,15,5);
INSERT INTO article VALUES ('31-088','Audiovisual','Dictionnaire electronique multilingue',9,1490,20.6,21,5);
INSERT INTO article VALUES ('34-821','Furniture','Office chair manager velvet',3,4980,20.6,17,5);
INSERT INTO article VALUES ('34-824','Furniture','Office chair manager leather',10,5650,20.6,21,5);
INSERT INTO article VALUES ('35-520','Furniture','Office chair ',3,3820,20.6,12,10);
INSERT INTO article VALUES ('35-650','Furniture','Office chair visitor',3,1550,20.6,34,10);
INSERT INTO article VALUES ('38-103','Stationay','clutch pencil multi-usage',2,7.9,20.6,1386,300);
INSERT INTO article VALUES ('38-104','Stationay','Marker, extra fine point, red',2,7.4,20.6,967,300);
INSERT INTO article VALUES ('38-105','Stationay','Feutre aiguille, extra fine point, blue',2,7.4,20.6,669,300);
INSERT INTO article VALUES ('38-106','Stationay','Feutre aiguille, extra fine point, black',2,7.4,20.6,501,300);
INSERT INTO article VALUES ('38-107','Stationay','Feutre aiguille, extra fine point, green',2,7.4,20.6,1359,300);
INSERT INTO article VALUES ('38-108','Stationay','Marker with bevelled point, blue',2,12.5,20.6,1264,300);
INSERT INTO article VALUES ('38-109','Stationay','Marker with bevelled point, black',2,12.5,20.6,344,300);
INSERT INTO article VALUES ('38-110','Stationay','Marker with bevelled point, red',2,12.5,20.6,1424,300);
INSERT INTO article VALUES ('38-111','Stationay','Marker with bevelled point, green',2,12.5,20.6,1081,300);
INSERT INTO article VALUES ('38-112','Stationay','Rubber  (twenty)',5,88,20.6,325,100);
INSERT INTO article VALUES ('47-125','Stationay','L-pocket paper (fifty)',4,99,20.6,443,300);
INSERT INTO article VALUES ('47-160','Stationay','Files-folders (hundred)',4,137,20.6,1295,300);
INSERT INTO article VALUES ('65-041','Library','How to computerize you company',7,240.7,5.5,25,15);
INSERT INTO article VALUES ('65-042','Library','Interpreting finance report in 20 lessons',7,308.5,5.5,34,15);
INSERT INTO article VALUES ('65-043','Library','Easy accounting',7,191.1,5.5,19,15);
INSERT INTO article VALUES ('65-044','Library','Windows made easy',7,106.4,5.5,22,15);
INSERT INTO article VALUES ('65-045','Library','Practicing MS Access',7,275.2,5.5,33,15);
INSERT INTO article VALUES ('65-046','Library','Letter models for managers',7,554.1,5.5,65,15);
INSERT INTO article VALUES ('65-047','Library','Overheads under control',7,417.4,5.5,13,15);
INSERT INTO article VALUES ('65-048','Library','Speak to your banker',7,154.8,5.5,67,15);
INSERT INTO article VALUES ('68-184','Communication','Wireless phone Philips',8,1290,20.6,10,5);
INSERT INTO article VALUES ('68-185','Communication','phone multiple contacts',8,850,20.6,18,5);
INSERT INTO article VALUES ('68-186','Communication','Wireless intercom 3 posts',6,2120,20.6,23,5);
INSERT INTO article VALUES ('68-187','Communication','wireless intercom 2 posts',6,1036,20.6,10,5);
INSERT INTO article VALUES ('68-188','Communication','Recorder with musical waiting',6,1140,20.6,6,5);
INSERT INTO article VALUES ('68-189','Communication','Recorder with remote connection',6,1390,20.6,15,5);
INSERT INTO article VALUES ('68-190','Communication','Mini printer',9,1690,20.6,22,5);
INSERT INTO article VALUES ('68-191','Communication','Fax Sagem \"Fax 7\"',6,6050,20.6,16,5);
INSERT INTO article VALUES ('68-192','Communication','Cleaning kit for photocopy',6,310,20.6,38,20);
INSERT INTO article VALUES ('77-101','leatherwork','Leather bag for managers',10,1890,20.6,45,10);
INSERT INTO article VALUES ('77-102','leatherwork','Skai bag',10,790,20.6,30,20);
INSERT INTO article VALUES ('77-103','leatherwork','Luxury leather bag',10,3400,20.6,13,5);
INSERT INTO article VALUES ('77-104','leatherwork','Pilot case leather',10,4560,20.6,16,5);
INSERT INTO article VALUES ('77-105','leatherwork','Card-holder leather',10,860,20.6,84,20);
INSERT INTO article VALUES ('77-106','leatherwork','Blotter leather black',10,450,20.6,32,20);
INSERT INTO article VALUES ('77-107','leatherwork','Blotter leather natural',10,450,20.6,68,20);
INSERT INTO article VALUES ('82-032','leatherwork','Leather Bag Excellence',10,2350,20.6,9,5);
INSERT INTO article VALUES ('84-016','Stationay','Hanging files confort  V,  blue (hundred)',4,798,20.6,1363,300);
INSERT INTO article VALUES ('84-017','Stationay','Hanging files confort  V,  red (hundred)',4,799,20.6,621,300);
INSERT INTO article VALUES ('84-018','Stationay','Hanging files confort  V,  green (hundred)',4,800,20.6,279,300);
INSERT INTO article VALUES ('84-019','Stationay','Hanging files confort  V,  jaune (hundred)',4,801,20.6,921,300);
INSERT INTO article VALUES ('84-020','Stationay','Hanging files confort  V,  grey (hundred)',4,802,20.6,861,300);
INSERT INTO article VALUES ('84-021','Stationay','Hanging files confort   flat,  blue (hundred)',4,803,20.6,857,300);
INSERT INTO article VALUES ('84-022','Stationay','Hanging files confort   flat,  red (hundred)',4,804,20.6,260,300);
INSERT INTO article VALUES ('84-023','Stationay','Hanging files confort   flat,  green (hundred)',4,805,20.6,1159,300);
INSERT INTO article VALUES ('84-024','Stationay','Hanging files confort   flat,  jaune (hundred)',4,806,20.6,1353,300);
INSERT INTO article VALUES ('84-025','Stationay','Hanging files confort   flat,  grey (hundred)',4,807,20.6,469,300);

--
-- Table structure for table 'guest'
--

CREATE TABLE  IF NOT EXISTS guest (
  firstName varchar(40) default NULL,
  lastName varchar(40) default NULL,
  email varchar(40) default NULL,
  homepage varchar(80) default NULL,
  comment varchar(255) default NULL,
  webUse varchar(40) default NULL
);

--
-- Dumping data for table 'guest'
--

INSERT INTO guest VALUES ('hadj','batatia','hadj@x.fr','http://x.f.fr','Rien du tout','Web Master');

--
-- Table structure for table 'invoice'
--

CREATE TABLE  IF NOT EXISTS invoice (
  num_invoice int(11) NOT NULL auto_increment,
  date datetime default NULL,
  client int(11) default NULL,
  amount_EV double default NULL,
  amount_VAT double default NULL,
  amount_IV double default NULL,
  payment_date datetime default NULL,
  payment_amount double default NULL,
  emit_draft tinyint(1) default NULL,
  PRIMARY KEY  (num_invoice),
  KEY i_client (client),
  CONSTRAINT `0_72` FOREIGN KEY (`client`) REFERENCES `client` (`num_client`) ON DELETE CASCADE
);

--
-- Dumping data for table 'invoice'
--

INSERT INTO invoice VALUES (1,'1996-01-01 00:00:00',38,24960,4642.56,29602.56,NULL,NULL,1);
INSERT INTO invoice VALUES (2,'1996-01-03 00:00:00',5,49697.6,9180.3496,58877.9496,NULL,NULL,1);
INSERT INTO invoice VALUES (3,'1996-01-03 00:00:00',24,39523.8,7351.4268,46875.2268,NULL,NULL,1);
INSERT INTO invoice VALUES (4,'1996-01-05 00:00:00',11,81737.6,15070.6216,96808.2216,NULL,NULL,1);
INSERT INTO invoice VALUES (5,'1996-01-05 00:00:00',32,18232.6,3391.2636,21623.8636,NULL,NULL,1);
INSERT INTO invoice VALUES (6,'1996-01-05 00:00:00',43,41731.3,7762.0218,49493.3218,NULL,NULL,1);
INSERT INTO invoice VALUES (7,'1996-01-07 00:00:00',44,156367.8,29084.4108,185452.2108,NULL,NULL,1);
INSERT INTO invoice VALUES (8,'1996-01-07 00:00:00',9,7143.8,1328.7468,8472.5468,NULL,NULL,1);
INSERT INTO invoice VALUES (9,'1996-01-08 00:00:00',5,37229.4,6833.5972,44062.9972,NULL,NULL,1);
INSERT INTO invoice VALUES (10,'1996-01-10 00:00:00',5,41834.8,7385.286,49220.086,NULL,NULL,1);
INSERT INTO invoice VALUES (11,'1996-01-12 00:00:00',44,82132.1,15276.5706,97408.6706,NULL,NULL,1);
INSERT INTO invoice VALUES (12,'1996-01-14 00:00:00',37,12592,2342.112,14934.112,NULL,NULL,1);
INSERT INTO invoice VALUES (13,'1996-01-15 00:00:00',31,24524,4561.464,29085.464,NULL,NULL,1);
INSERT INTO invoice VALUES (14,'1996-01-17 00:00:00',6,98084.9,18243.7914,116328.6914,NULL,NULL,1);
INSERT INTO invoice VALUES (15,'1996-01-18 00:00:00',28,67895.6,12499.468,80395.068,NULL,NULL,1);
INSERT INTO invoice VALUES (16,'1996-01-21 00:00:00',2,91489.3,16787.5764,108276.8764,NULL,NULL,1);
INSERT INTO invoice VALUES (17,'1996-01-22 00:00:00',3,90996.6,16695.9604,107692.5604,NULL,NULL,1);
INSERT INTO invoice VALUES (18,'1996-01-24 00:00:00',30,92598.7,17223.3582,109822.0582,NULL,NULL,1);
INSERT INTO invoice VALUES (19,'1996-01-24 00:00:00',6,34563.5,6059.1945,40622.6945,NULL,NULL,1);
INSERT INTO invoice VALUES (20,'1996-01-27 00:00:00',37,46282,8608.452,54890.452,NULL,NULL,1);
INSERT INTO invoice VALUES (21,'1996-01-29 00:00:00',44,12023.6,2147.624,14171.224,NULL,NULL,1);
INSERT INTO invoice VALUES (22,'1996-01-29 00:00:00',28,17101,3180.786,20281.786,NULL,NULL,1);
INSERT INTO invoice VALUES (23,'1996-01-29 00:00:00',8,51102,9504.972,60606.972,NULL,NULL,1);
INSERT INTO invoice VALUES (24,'1996-02-05 00:00:00',14,48367.5,8939.0032,57306.5032,NULL,NULL,1);
INSERT INTO invoice VALUES (25,'1996-02-08 00:00:00',27,76200.1,14036.6118,90236.7118,NULL,NULL,1);
INSERT INTO invoice VALUES (26,'1996-02-12 00:00:00',51,66301.3,12220.6525,78521.9525,NULL,NULL,1);
INSERT INTO invoice VALUES (27,'1996-02-12 00:00:00',20,44392.1,8072.4826,52464.5826,NULL,NULL,1);
INSERT INTO invoice VALUES (28,'1996-02-15 00:00:00',53,52885,9836.61,62721.61,NULL,NULL,1);
INSERT INTO invoice VALUES (29,'1996-02-15 00:00:00',58,5442.6,852.949,6295.549,NULL,NULL,1);
INSERT INTO invoice VALUES (30,'1996-02-28 00:00:00',5,78805,14657.73,93462.73,NULL,NULL,1);
INSERT INTO invoice VALUES (31,'1996-03-07 00:00:00',45,61699.3,11255.885,72955.185,NULL,NULL,1);
INSERT INTO invoice VALUES (32,'1996-03-08 00:00:00',49,9833,1828.938,11661.938,NULL,NULL,1);
INSERT INTO invoice VALUES (33,'1996-03-09 00:00:00',22,114620,21319.32,135939.32,NULL,NULL,1);
INSERT INTO invoice VALUES (34,'1996-03-10 00:00:00',42,59908.6,10952.7876,70861.3876,NULL,NULL,1);
INSERT INTO invoice VALUES (35,'1996-03-12 00:00:00',26,23755,4418.43,28173.43,NULL,NULL,1);
INSERT INTO invoice VALUES (36,'1996-03-14 00:00:00',37,107083.1,19917.4566,127000.5566,NULL,NULL,1);
INSERT INTO invoice VALUES (37,'1996-03-14 00:00:00',13,38256,7115.616,45371.616,NULL,NULL,1);
INSERT INTO invoice VALUES (38,'1996-03-15 00:00:00',51,41228,7668.408,48896.408,NULL,NULL,1);
INSERT INTO invoice VALUES (39,'1996-03-15 00:00:00',54,55872,10392.192,66264.192,NULL,NULL,1);
INSERT INTO invoice VALUES (40,'1996-03-16 00:00:00',61,124872.1,23226.2106,148098.3106,NULL,NULL,1);
INSERT INTO invoice VALUES (41,'1996-03-17 00:00:00',57,52187.1,9348.568,61535.668,NULL,NULL,1);
INSERT INTO invoice VALUES (42,'1996-03-21 00:00:00',24,56504,10509.744,67013.744,NULL,NULL,1);
INSERT INTO invoice VALUES (43,'1996-03-23 00:00:00',26,73375.6,13298.275,86673.875,NULL,NULL,1);
INSERT INTO invoice VALUES (44,'1996-03-23 00:00:00',58,24344.9,4270.5006,28615.4006,NULL,NULL,1);
INSERT INTO invoice VALUES (45,'1996-03-24 00:00:00',60,61724.6,11251.3684,72975.9684,NULL,NULL,1);
INSERT INTO invoice VALUES (46,'1996-03-24 00:00:00',14,77664,14445.504,92109.504,NULL,NULL,1);
INSERT INTO invoice VALUES (47,'1996-03-26 00:00:00',25,38496.8,7160.4048,45657.2048,NULL,NULL,1);
INSERT INTO invoice VALUES (48,'1996-03-28 00:00:00',6,32289.8,6005.9028,38295.7028,NULL,NULL,1);
INSERT INTO invoice VALUES (49,'1996-03-28 00:00:00',30,57303,10658.358,67961.358,NULL,NULL,1);
INSERT INTO invoice VALUES (50,'1996-03-28 00:00:00',40,45338.8,8175.7983,53514.5983,NULL,NULL,1);
INSERT INTO invoice VALUES (51,'1996-03-30 00:00:00',9,15792.9,2937.4794,18730.3794,NULL,NULL,1);
INSERT INTO invoice VALUES (52,'1996-03-30 00:00:00',58,64308.9,11870.3842,76179.2842,NULL,NULL,1);
INSERT INTO invoice VALUES (53,'1996-03-31 00:00:00',36,27455.4,5051.37,32506.77,NULL,NULL,1);
INSERT INTO invoice VALUES (54,'1996-04-03 00:00:00',6,1390.8,258.6888,1649.4888,NULL,NULL,1);
INSERT INTO invoice VALUES (55,'1996-04-04 00:00:00',21,7706.2,1105.5912,8811.7912,NULL,NULL,1);
INSERT INTO invoice VALUES (56,'1996-04-10 00:00:00',14,45444,8452.584,53896.584,NULL,NULL,1);
INSERT INTO invoice VALUES (57,'1996-04-10 00:00:00',52,46027.8,8340.6978,54368.4978,NULL,NULL,1);
INSERT INTO invoice VALUES (58,'1996-04-11 00:00:00',54,12233.6,1977.1626,14210.7626,NULL,NULL,1);
INSERT INTO invoice VALUES (59,'1996-04-12 00:00:00',45,56132.5,10440.645,66573.145,NULL,NULL,1);
INSERT INTO invoice VALUES (60,'1996-04-12 00:00:00',5,12586.1,2341.0146,14927.1146,NULL,NULL,1);
INSERT INTO invoice VALUES (61,'1996-04-14 00:00:00',48,55508.2,10063.5601,65571.7601,NULL,NULL,1);
INSERT INTO invoice VALUES (62,'1996-04-16 00:00:00',9,57044.4,10610.2584,67654.6584,NULL,NULL,1);
INSERT INTO invoice VALUES (63,'1996-04-20 00:00:00',27,8705.3,1619.1858,10324.4858,NULL,NULL,1);
INSERT INTO invoice VALUES (64,'1996-04-22 00:00:00',48,55647,10299.6188,65946.6188,NULL,NULL,1);
INSERT INTO invoice VALUES (65,'1996-04-22 00:00:00',35,38727.5,7203.315,45930.815,NULL,NULL,1);
INSERT INTO invoice VALUES (66,'1996-04-24 00:00:00',9,6218,957.69,7175.69,NULL,NULL,1);
INSERT INTO invoice VALUES (67,'1996-04-28 00:00:00',29,87432,16262.352,103694.352,NULL,NULL,1);
INSERT INTO invoice VALUES (68,'1996-04-28 00:00:00',48,11881.1,2015.2055,13896.3055,NULL,NULL,1);
INSERT INTO invoice VALUES (69,'1996-04-30 00:00:00',21,340.5,26.5875,367.0875,NULL,NULL,1);
INSERT INTO invoice VALUES (70,'1996-05-01 00:00:00',44,20574.8,3826.9128,24401.7128,NULL,NULL,1);
INSERT INTO invoice VALUES (71,'1996-05-02 00:00:00',22,27854.6,5180.9556,33035.5556,NULL,NULL,1);
INSERT INTO invoice VALUES (72,'1996-05-05 00:00:00',26,98345.7,17698.32,116044.02,NULL,NULL,1);
INSERT INTO invoice VALUES (73,'1996-05-05 00:00:00',14,31909.4,5355.29,37264.69,NULL,NULL,1);
INSERT INTO invoice VALUES (74,'1996-05-06 00:00:00',6,31434.2,5566.919,37001.119,NULL,NULL,1);
INSERT INTO invoice VALUES (75,'1996-05-06 00:00:00',18,58351.6,10828.036,69179.636,NULL,NULL,1);
INSERT INTO invoice VALUES (76,'1996-05-06 00:00:00',21,92603.4,17129.991,109733.391,NULL,NULL,1);
INSERT INTO invoice VALUES (77,'1996-05-09 00:00:00',35,13943.1,2593.4166,16536.5166,NULL,NULL,1);
INSERT INTO invoice VALUES (78,'1996-05-13 00:00:00',23,83145.6,15465.0816,98610.6816,NULL,NULL,1);
INSERT INTO invoice VALUES (79,'1996-05-18 00:00:00',22,64961.7,12082.8762,77044.5762,NULL,NULL,1);
INSERT INTO invoice VALUES (80,'1996-05-20 00:00:00',22,66286.6,12263.7552,78550.3552,NULL,NULL,1);
INSERT INTO invoice VALUES (81,'1996-05-20 00:00:00',37,81891.7,15145.8285,97037.5285,NULL,NULL,1);
INSERT INTO invoice VALUES (82,'1996-05-23 00:00:00',50,20640,3839.04,24479.04,NULL,NULL,1);
INSERT INTO invoice VALUES (83,'1996-05-24 00:00:00',43,11519.9,2142.7014,13662.6014,NULL,NULL,1);
INSERT INTO invoice VALUES (84,'1996-05-26 00:00:00',33,57435,10462.437,67897.437,NULL,NULL,1);
INSERT INTO invoice VALUES (85,'1996-05-28 00:00:00',37,105420.6,19608.2316,125028.8316,NULL,NULL,1);
INSERT INTO invoice VALUES (86,'1996-05-29 00:00:00',41,13319.9,2477.5014,15797.4014,NULL,NULL,1);
INSERT INTO invoice VALUES (87,'1996-05-30 00:00:00',59,86321.4,15298.3908,101619.7908,NULL,NULL,1);
INSERT INTO invoice VALUES (88,'1996-05-31 00:00:00',19,25060,4661.16,29721.16,NULL,NULL,1);
INSERT INTO invoice VALUES (89,'1996-06-01 00:00:00',9,106589.2,19460.9789,126050.1789,NULL,NULL,1);
INSERT INTO invoice VALUES (90,'1996-06-02 00:00:00',59,31292.2,5452.8942,36745.0942,NULL,NULL,1);
INSERT INTO invoice VALUES (91,'1996-06-03 00:00:00',39,36152.5,6724.365,42876.865,NULL,NULL,1);
INSERT INTO invoice VALUES (92,'1996-06-07 00:00:00',4,28166.2,5238.9132,33405.1132,NULL,NULL,1);
INSERT INTO invoice VALUES (93,'1996-06-09 00:00:00',23,56584.5,10342.5746,66927.0746,NULL,NULL,1);
INSERT INTO invoice VALUES (94,'1996-06-10 00:00:00',57,35437.3,6442.1943,41879.4943,NULL,NULL,1);
INSERT INTO invoice VALUES (95,'1996-06-13 00:00:00',47,44847,7844.397,52691.397,NULL,NULL,1);
INSERT INTO invoice VALUES (96,'1996-06-16 00:00:00',46,9495.4,1743.3766,11238.7766,NULL,NULL,1);
INSERT INTO invoice VALUES (97,'1996-06-17 00:00:00',35,7937.1,1078.5846,9015.6846,NULL,NULL,1);
INSERT INTO invoice VALUES (98,'1996-06-19 00:00:00',34,38050,7077.3,45127.3,NULL,NULL,1);
INSERT INTO invoice VALUES (99,'1996-06-19 00:00:00',27,54334,10106.124,64440.124,NULL,NULL,1);
INSERT INTO invoice VALUES (100,'1996-06-19 00:00:00',35,11731.6,2080.6312,13812.2312,NULL,NULL,1);
INSERT INTO invoice VALUES (101,'1996-06-20 00:00:00',41,95783.4,17815.7124,113599.1124,NULL,NULL,1);
INSERT INTO invoice VALUES (102,'1996-06-23 00:00:00',26,31922,5937.492,37859.492,NULL,NULL,1);
INSERT INTO invoice VALUES (103,'1996-06-24 00:00:00',43,55254.2,10028.7087,65282.9087,NULL,NULL,1);
INSERT INTO invoice VALUES (104,'1996-06-25 00:00:00',31,94073.8,17497.7268,111571.5268,NULL,NULL,1);
INSERT INTO invoice VALUES (105,'1996-06-26 00:00:00',11,61981.8,11515.934,73497.734,NULL,NULL,1);
INSERT INTO invoice VALUES (106,'1996-06-29 00:00:00',22,11312.1,2104.0506,13416.1506,NULL,NULL,1);
INSERT INTO invoice VALUES (107,'1996-06-30 00:00:00',52,54248.6,10090.2396,64338.8396,NULL,NULL,1);
INSERT INTO invoice VALUES (108,'1996-06-30 00:00:00',33,65974,12271.164,78245.164,NULL,NULL,1);
INSERT INTO invoice VALUES (109,'1996-07-01 00:00:00',2,23652,4399.272,28051.272,NULL,NULL,1);
INSERT INTO invoice VALUES (110,'1996-07-05 00:00:00',27,66963.7,12025.3979,78989.0979,NULL,NULL,1);
INSERT INTO invoice VALUES (111,'1996-07-05 00:00:00',25,103833.2,19312.9752,123146.1752,NULL,NULL,1);
INSERT INTO invoice VALUES (112,'1996-07-07 00:00:00',50,52851.5,9830.379,62681.879,NULL,NULL,1);
INSERT INTO invoice VALUES (113,'1996-07-14 00:00:00',54,14162.6,2104.532,16267.132,NULL,NULL,1);
INSERT INTO invoice VALUES (114,'1996-07-15 00:00:00',56,32573,5948.3415,38521.3415,NULL,NULL,1);
INSERT INTO invoice VALUES (115,'1996-07-23 00:00:00',36,59399,11048.214,70447.214,NULL,NULL,1);
INSERT INTO invoice VALUES (116,'1996-07-24 00:00:00',61,122638.1,22810.6866,145448.7866,NULL,NULL,1);
INSERT INTO invoice VALUES (117,'1996-07-24 00:00:00',15,136147.2,25323.3792,161470.5792,NULL,NULL,1);
INSERT INTO invoice VALUES (118,'1996-07-24 00:00:00',55,50646.9,9394.9618,60041.8618,NULL,NULL,1);
INSERT INTO invoice VALUES (119,'1996-07-25 00:00:00',9,17647,3224.9902,20871.9902,NULL,NULL,1);
INSERT INTO invoice VALUES (120,'1996-07-25 00:00:00',18,24728.8,4599.5568,29328.3568,NULL,NULL,1);
INSERT INTO invoice VALUES (121,'1996-07-27 00:00:00',25,49927.6,9286.5336,59214.1336,NULL,NULL,1);
INSERT INTO invoice VALUES (122,'1996-07-31 00:00:00',42,48561.2,8598.354,57159.554,NULL,NULL,1);
INSERT INTO invoice VALUES (123,'1996-07-31 00:00:00',54,17984,3230.8968,21214.8968,NULL,NULL,1);
INSERT INTO invoice VALUES (124,'1996-08-02 00:00:00',30,129703,24124.758,153827.758,NULL,NULL,1);
INSERT INTO invoice VALUES (125,'1996-08-02 00:00:00',4,17501,3255.186,20756.186,NULL,NULL,1);
INSERT INTO invoice VALUES (126,'1996-08-04 00:00:00',18,81832.5,15220.845,97053.345,NULL,NULL,1);
INSERT INTO invoice VALUES (127,'1996-08-05 00:00:00',33,70852.4,13178.5464,84030.9464,NULL,NULL,1);
INSERT INTO invoice VALUES (128,'1996-08-19 00:00:00',19,39544.7,7245.0777,46789.7777,NULL,NULL,1);
INSERT INTO invoice VALUES (129,'1996-08-19 00:00:00',28,134485.9,24851.8326,159337.7326,NULL,NULL,1);
INSERT INTO invoice VALUES (130,'1996-08-20 00:00:00',51,40342.4,7503.6864,47846.0864,NULL,NULL,1);
INSERT INTO invoice VALUES (131,'1996-08-24 00:00:00',36,53666.8,9982.0248,63648.8248,NULL,NULL,1);
INSERT INTO invoice VALUES (132,'1996-08-25 00:00:00',48,20476.5,3808.629,24285.129,NULL,NULL,1);
INSERT INTO invoice VALUES (133,'1996-08-27 00:00:00',42,27486.5,5112.489,32598.989,NULL,NULL,1);
INSERT INTO invoice VALUES (134,'1996-08-27 00:00:00',46,29768.1,5536.8666,35304.9666,NULL,NULL,1);
INSERT INTO invoice VALUES (135,'1996-08-27 00:00:00',51,72063.1,12948.5247,85011.6247,NULL,NULL,1);
INSERT INTO invoice VALUES (136,'1996-08-29 00:00:00',38,70238.3,12457.5187,82695.8187,NULL,NULL,1);
INSERT INTO invoice VALUES (137,'1996-08-29 00:00:00',30,20810,3870.66,24680.66,NULL,NULL,1);
INSERT INTO invoice VALUES (138,'1996-08-31 00:00:00',37,55210.5,10269.153,65479.653,NULL,NULL,1);
INSERT INTO invoice VALUES (139,'1996-09-01 00:00:00',29,94195.9,17520.4374,111716.3374,NULL,NULL,1);
INSERT INTO invoice VALUES (140,'1996-09-02 00:00:00',21,43357.4,7932.4808,51289.8808,NULL,NULL,1);
INSERT INTO invoice VALUES (141,'1996-09-03 00:00:00',27,18338.2,3385.5436,21723.7436,NULL,NULL,1);
INSERT INTO invoice VALUES (142,'1996-09-06 00:00:00',18,123826,23031.636,146857.636,NULL,NULL,1);
INSERT INTO invoice VALUES (143,'1996-09-07 00:00:00',43,31270.9,5759.0356,37029.9356,NULL,NULL,1);
INSERT INTO invoice VALUES (144,'1996-09-08 00:00:00',52,49118,9135.948,58253.948,NULL,NULL,1);
INSERT INTO invoice VALUES (145,'1996-09-11 00:00:00',59,41555,7729.23,49284.23,NULL,NULL,1);
INSERT INTO invoice VALUES (146,'1996-09-13 00:00:00',62,98910,18198.402,117108.402,NULL,NULL,1);
INSERT INTO invoice VALUES (147,'1996-09-15 00:00:00',12,19842.2,3616.87,23459.07,NULL,NULL,1);
INSERT INTO invoice VALUES (148,'1996-09-17 00:00:00',50,97829.5,18196.287,116025.787,NULL,NULL,1);
INSERT INTO invoice VALUES (149,'1996-09-22 00:00:00',33,13493.3,2326.0263,15819.3263,NULL,NULL,1);
INSERT INTO invoice VALUES (150,'1996-09-23 00:00:00',31,5079.5,780.906,5860.406,NULL,NULL,1);
INSERT INTO invoice VALUES (151,'1996-09-28 00:00:00',45,58250.2,10570.546,68820.746,NULL,NULL,1);
INSERT INTO invoice VALUES (152,'1996-10-03 00:00:00',60,6558.2,1219.8252,7778.0252,NULL,NULL,1);
INSERT INTO invoice VALUES (153,'1996-10-05 00:00:00',13,110622.2,20575.7292,131197.9292,NULL,NULL,1);
INSERT INTO invoice VALUES (154,'1996-10-05 00:00:00',54,2579,149.705,2728.705,NULL,NULL,1);
INSERT INTO invoice VALUES (155,'1996-10-06 00:00:00',41,64475.7,11521.2732,75996.9732,NULL,NULL,1);
INSERT INTO invoice VALUES (156,'1996-10-07 00:00:00',20,20366,3624.195,23990.195,NULL,NULL,1);
INSERT INTO invoice VALUES (157,'1996-10-09 00:00:00',3,58310,10702.2805,69012.2805,NULL,NULL,1);
INSERT INTO invoice VALUES (158,'1996-10-10 00:00:00',19,80772.5,14693.172,95465.672,NULL,NULL,1);
INSERT INTO invoice VALUES (159,'1996-10-10 00:00:00',20,9806,1690.4794,11496.4794,NULL,NULL,1);
INSERT INTO invoice VALUES (160,'1996-10-11 00:00:00',37,32584,6060.624,38644.624,NULL,NULL,1);
INSERT INTO invoice VALUES (161,'1996-10-12 00:00:00',22,63323.8,11316.2422,74640.0422,NULL,NULL,1);
INSERT INTO invoice VALUES (162,'1996-10-14 00:00:00',18,62407.1,11521.6929,73928.7929,NULL,NULL,1);
INSERT INTO invoice VALUES (163,'1996-10-14 00:00:00',26,60574,11266.764,71840.764,NULL,NULL,1);
INSERT INTO invoice VALUES (164,'1996-10-15 00:00:00',45,21480.4,3931.9504,25412.3504,NULL,NULL,1);
INSERT INTO invoice VALUES (165,'1996-10-15 00:00:00',39,56451.8,10477.267,66929.067,NULL,NULL,1);
INSERT INTO invoice VALUES (166,'1996-10-16 00:00:00',52,12894,2398.284,15292.284,NULL,NULL,1);
INSERT INTO invoice VALUES (167,'1996-10-20 00:00:00',9,14643,2705.1532,17348.1532,NULL,NULL,1);
INSERT INTO invoice VALUES (168,'1996-10-20 00:00:00',25,64392.2,11877.5202,76269.7202,NULL,NULL,1);
INSERT INTO invoice VALUES (169,'1996-10-20 00:00:00',19,5110,950.46,6060.46,NULL,NULL,1);
INSERT INTO invoice VALUES (170,'1996-10-22 00:00:00',41,92266,17161.476,109427.476,NULL,NULL,1);
INSERT INTO invoice VALUES (171,'1996-10-22 00:00:00',25,5212,969.432,6181.432,NULL,NULL,1);
INSERT INTO invoice VALUES (172,'1996-10-24 00:00:00',1,29672,5518.992,35190.992,NULL,NULL,1);
INSERT INTO invoice VALUES (173,'1996-11-04 00:00:00',22,44818,8037.861,52855.861,NULL,NULL,1);
INSERT INTO invoice VALUES (174,'1996-11-06 00:00:00',62,57348.4,10212.442,67560.842,NULL,NULL,1);
INSERT INTO invoice VALUES (175,'1996-11-08 00:00:00',21,67811.6,12612.9576,80424.5576,NULL,NULL,1);
INSERT INTO invoice VALUES (176,'1996-11-10 00:00:00',4,55860,10389.96,66249.96,NULL,NULL,1);
INSERT INTO invoice VALUES (177,'1996-11-13 00:00:00',11,123196.4,22386.548,145582.948,NULL,NULL,1);
INSERT INTO invoice VALUES (178,'1996-11-15 00:00:00',20,24400.8,4538.5488,28939.3488,NULL,NULL,1);
INSERT INTO invoice VALUES (179,'1996-11-17 00:00:00',22,52531.8,9373.1988,61904.9988,NULL,NULL,1);
INSERT INTO invoice VALUES (180,'1996-11-19 00:00:00',44,95638.1,17641.1282,113279.2282,NULL,NULL,1);
INSERT INTO invoice VALUES (181,'1996-11-20 00:00:00',27,19365.8,3528.5478,22894.3478,NULL,NULL,1);
INSERT INTO invoice VALUES (182,'1996-11-20 00:00:00',12,54050.4,9823.9672,63874.3672,NULL,NULL,1);
INSERT INTO invoice VALUES (183,'1996-11-20 00:00:00',35,37779.6,6953.5146,44733.1146,NULL,NULL,1);
INSERT INTO invoice VALUES (184,'1996-11-21 00:00:00',25,40851.1,7411.1187,48262.2187,NULL,NULL,1);
INSERT INTO invoice VALUES (185,'1996-11-22 00:00:00',29,67161.8,12096.108,79257.908,NULL,NULL,1);
INSERT INTO invoice VALUES (186,'1996-11-23 00:00:00',17,42946,7987.956,50933.956,NULL,NULL,1);
INSERT INTO invoice VALUES (187,'1996-11-27 00:00:00',11,11411.7,1917.6922,13329.3922,NULL,NULL,1);
INSERT INTO invoice VALUES (188,'1996-11-28 00:00:00',22,61507.6,11364.3288,72871.9288,NULL,NULL,1);
INSERT INTO invoice VALUES (189,'1996-12-02 00:00:00',4,16115,2799.3966,18914.3966,NULL,NULL,1);
INSERT INTO invoice VALUES (190,'1996-12-05 00:00:00',9,83203.5,15475.851,98679.351,NULL,NULL,1);
INSERT INTO invoice VALUES (191,'1996-12-10 00:00:00',45,49553.4,9216.9324,58770.3324,NULL,NULL,1);
INSERT INTO invoice VALUES (192,'1996-12-10 00:00:00',62,108245.9,20095.695,128341.595,NULL,NULL,1);
INSERT INTO invoice VALUES (193,'1996-12-12 00:00:00',11,56307.2,9801.6332,66108.8332,NULL,NULL,1);
INSERT INTO invoice VALUES (194,'1996-12-12 00:00:00',4,40858.7,7269.0087,48127.7087,NULL,NULL,1);
INSERT INTO invoice VALUES (195,'1996-12-17 00:00:00',55,14276.3,2518.785,16795.085,NULL,NULL,1);
INSERT INTO invoice VALUES (196,'1996-12-24 00:00:00',45,58077.6,10802.4336,68880.0336,NULL,NULL,1);
INSERT INTO invoice VALUES (197,'1996-12-29 00:00:00',30,26863.2,4996.5552,31859.7552,NULL,NULL,1);
INSERT INTO invoice VALUES (198,'1996-12-29 00:00:00',36,7774.1,1445.9826,9220.0826,NULL,NULL,1);
INSERT INTO invoice VALUES (199,'1996-12-31 00:00:00',29,35723.6,6644.5896,42368.1896,NULL,NULL,1);
INSERT INTO invoice VALUES (200,'1996-12-31 00:00:00',46,78889.1,14318.939,93208.039,NULL,NULL,1);

--
-- Table structure for table 'invoice_line'
--

CREATE TABLE  IF NOT EXISTS invoice_line (
  num_line int(11) NOT NULL auto_increment,
  num_invoice int(11) default NULL,
  ref_article varchar(50) default NULL,
  quantity smallint(6) default NULL,
  PRIMARY KEY  (num_line),
  KEY article_index (ref_article),
  KEY invoice_index (num_invoice),
  CONSTRAINT `0_58` FOREIGN KEY (`num_invoice`) REFERENCES `invoice` (`num_invoice`),
  CONSTRAINT `0_61` FOREIGN KEY (`ref_article`) REFERENCES `article` (`reference`)
) ;

--
-- Dumping data for table 'invoice_line'
--

INSERT INTO invoice_line VALUES (1,84,'11-518',1);
INSERT INTO invoice_line VALUES (2,177,'09-077',7);
INSERT INTO invoice_line VALUES (3,172,'25-069',3);
INSERT INTO invoice_line VALUES (4,90,'84-017',10);
INSERT INTO invoice_line VALUES (5,158,'38-111',8);
INSERT INTO invoice_line VALUES (6,126,'82-032',9);
INSERT INTO invoice_line VALUES (7,124,'31-081',10);
INSERT INTO invoice_line VALUES (8,16,'84-018',8);
INSERT INTO invoice_line VALUES (9,2,'68-190',4);
INSERT INTO invoice_line VALUES (10,43,'68-184',3);
INSERT INTO invoice_line VALUES (11,38,'31-083',3);
INSERT INTO invoice_line VALUES (12,192,'77-104',7);
INSERT INTO invoice_line VALUES (13,117,'31-080',5);
INSERT INTO invoice_line VALUES (14,36,'68-191',10);
INSERT INTO invoice_line VALUES (15,16,'31-081',4);
INSERT INTO invoice_line VALUES (16,165,'65-043',1);
INSERT INTO invoice_line VALUES (17,79,'31-073',5);
INSERT INTO invoice_line VALUES (18,129,'31-082',6);
INSERT INTO invoice_line VALUES (19,126,'35-650',5);
INSERT INTO invoice_line VALUES (20,39,'35-520',1);
INSERT INTO invoice_line VALUES (21,199,'84-023',10);
INSERT INTO invoice_line VALUES (22,128,'65-042',3);
INSERT INTO invoice_line VALUES (23,18,'47-125',10);
INSERT INTO invoice_line VALUES (24,114,'14-040',2);
INSERT INTO invoice_line VALUES (25,102,'77-105',4);
INSERT INTO invoice_line VALUES (26,31,'84-024',6);
INSERT INTO invoice_line VALUES (27,147,'65-048',4);
INSERT INTO invoice_line VALUES (28,6,'31-080',7);
INSERT INTO invoice_line VALUES (29,131,'68-187',7);
INSERT INTO invoice_line VALUES (30,11,'38-110',3);
INSERT INTO invoice_line VALUES (31,95,'68-185',8);
INSERT INTO invoice_line VALUES (32,42,'25-075',1);
INSERT INTO invoice_line VALUES (33,33,'38-110',10);
INSERT INTO invoice_line VALUES (34,72,'35-650',6);
INSERT INTO invoice_line VALUES (35,25,'07-390',8);
INSERT INTO invoice_line VALUES (36,130,'82-032',7);
INSERT INTO invoice_line VALUES (37,62,'68-185',9);
INSERT INTO invoice_line VALUES (38,65,'77-101',3);
INSERT INTO invoice_line VALUES (39,200,'31-071',10);
INSERT INTO invoice_line VALUES (40,6,'84-016',4);
INSERT INTO invoice_line VALUES (41,80,'68-188',9);
INSERT INTO invoice_line VALUES (42,144,'31-087',4);
INSERT INTO invoice_line VALUES (43,46,'68-187',6);
INSERT INTO invoice_line VALUES (44,43,'84-018',2);
INSERT INTO invoice_line VALUES (45,60,'31-073',3);
INSERT INTO invoice_line VALUES (46,97,'31-086',5);
INSERT INTO invoice_line VALUES (47,25,'31-088',3);
INSERT INTO invoice_line VALUES (48,52,'65-043',4);
INSERT INTO invoice_line VALUES (49,122,'05-303',5);
INSERT INTO invoice_line VALUES (50,11,'84-016',5);
INSERT INTO invoice_line VALUES (51,19,'31-084',3);
INSERT INTO invoice_line VALUES (52,131,'31-068',4);
INSERT INTO invoice_line VALUES (53,195,'84-017',4);
INSERT INTO invoice_line VALUES (54,186,'84-024',1);
INSERT INTO invoice_line VALUES (55,57,'31-076',9);
INSERT INTO invoice_line VALUES (56,162,'82-032',2);
INSERT INTO invoice_line VALUES (57,26,'31-084',4);
INSERT INTO invoice_line VALUES (58,156,'84-021',5);
INSERT INTO invoice_line VALUES (59,118,'31-069',7);
INSERT INTO invoice_line VALUES (60,142,'68-191',7);
INSERT INTO invoice_line VALUES (61,107,'31-082',8);
INSERT INTO invoice_line VALUES (62,132,'84-024',4);
INSERT INTO invoice_line VALUES (63,41,'25-071',4);
INSERT INTO invoice_line VALUES (64,120,'11-583',9);
INSERT INTO invoice_line VALUES (65,136,'84-020',5);
INSERT INTO invoice_line VALUES (66,61,'31-072',10);
INSERT INTO invoice_line VALUES (67,93,'14-040',6);
INSERT INTO invoice_line VALUES (68,91,'38-111',5);
INSERT INTO invoice_line VALUES (69,25,'68-190',6);
INSERT INTO invoice_line VALUES (70,101,'68-186',2);
INSERT INTO invoice_line VALUES (71,41,'82-032',3);
INSERT INTO invoice_line VALUES (72,107,'84-018',7);
INSERT INTO invoice_line VALUES (73,191,'25-073',9);
INSERT INTO invoice_line VALUES (74,136,'34-824',7);
INSERT INTO invoice_line VALUES (75,53,'38-110',6);
INSERT INTO invoice_line VALUES (76,181,'65-042',2);
INSERT INTO invoice_line VALUES (77,99,'31-077',2);
INSERT INTO invoice_line VALUES (78,126,'68-188',3);
INSERT INTO invoice_line VALUES (79,131,'38-103',6);
INSERT INTO invoice_line VALUES (80,77,'47-125',9);
INSERT INTO invoice_line VALUES (81,85,'34-821',6);
INSERT INTO invoice_line VALUES (82,159,'65-043',1);
INSERT INTO invoice_line VALUES (83,68,'68-184',2);
INSERT INTO invoice_line VALUES (84,108,'77-103',7);
INSERT INTO invoice_line VALUES (85,107,'84-019',7);
INSERT INTO invoice_line VALUES (86,200,'84-023',8);
INSERT INTO invoice_line VALUES (87,30,'35-520',1);
INSERT INTO invoice_line VALUES (88,53,'65-048',3);
INSERT INTO invoice_line VALUES (89,193,'77-107',6);
INSERT INTO invoice_line VALUES (90,193,'31-085',4);
INSERT INTO invoice_line VALUES (91,46,'31-087',6);
INSERT INTO invoice_line VALUES (92,147,'68-187',4);
INSERT INTO invoice_line VALUES (93,23,'77-102',8);
INSERT INTO invoice_line VALUES (94,126,'38-109',9);
INSERT INTO invoice_line VALUES (95,117,'31-071',4);
INSERT INTO invoice_line VALUES (96,37,'77-104',4);
INSERT INTO invoice_line VALUES (97,128,'77-104',6);
INSERT INTO invoice_line VALUES (98,47,'25-071',9);
INSERT INTO invoice_line VALUES (99,200,'65-048',5);
INSERT INTO invoice_line VALUES (100,99,'31-069',6);
INSERT INTO invoice_line VALUES (101,178,'31-071',6);
INSERT INTO invoice_line VALUES (102,84,'84-022',5);
INSERT INTO invoice_line VALUES (103,61,'31-069',4);
INSERT INTO invoice_line VALUES (104,43,'84-017',4);
INSERT INTO invoice_line VALUES (105,184,'25-071',9);
INSERT INTO invoice_line VALUES (106,142,'77-105',7);
INSERT INTO invoice_line VALUES (107,136,'65-043',7);
INSERT INTO invoice_line VALUES (108,200,'31-068',5);
INSERT INTO invoice_line VALUES (109,113,'65-047',8);
INSERT INTO invoice_line VALUES (110,58,'47-160',7);
INSERT INTO invoice_line VALUES (111,100,'68-187',9);
INSERT INTO invoice_line VALUES (112,119,'47-160',6);
INSERT INTO invoice_line VALUES (113,170,'84-022',6);
INSERT INTO invoice_line VALUES (114,18,'14-040',9);
INSERT INTO invoice_line VALUES (115,189,'11-573',4);
INSERT INTO invoice_line VALUES (116,107,'68-192',1);
INSERT INTO invoice_line VALUES (117,155,'65-048',10);
INSERT INTO invoice_line VALUES (118,4,'35-520',9);
INSERT INTO invoice_line VALUES (119,173,'31-083',6);
INSERT INTO invoice_line VALUES (120,142,'82-032',10);
INSERT INTO invoice_line VALUES (121,55,'38-105',8);
INSERT INTO invoice_line VALUES (122,57,'77-101',9);
INSERT INTO invoice_line VALUES (123,144,'77-106',3);
INSERT INTO invoice_line VALUES (124,45,'65-041',8);
INSERT INTO invoice_line VALUES (125,147,'08-151',3);
INSERT INTO invoice_line VALUES (126,73,'38-108',8);
INSERT INTO invoice_line VALUES (127,84,'31-076',10);
INSERT INTO invoice_line VALUES (128,89,'31-071',1);
INSERT INTO invoice_line VALUES (129,41,'38-112',9);
INSERT INTO invoice_line VALUES (130,182,'77-102',8);
INSERT INTO invoice_line VALUES (131,18,'38-110',10);
INSERT INTO invoice_line VALUES (132,153,'07-390',6);
INSERT INTO invoice_line VALUES (133,186,'77-105',8);
INSERT INTO invoice_line VALUES (134,136,'25-075',2);
INSERT INTO invoice_line VALUES (135,118,'84-022',2);
INSERT INTO invoice_line VALUES (136,153,'08-151',8);
INSERT INTO invoice_line VALUES (137,75,'31-072',5);
INSERT INTO invoice_line VALUES (138,182,'31-072',6);
INSERT INTO invoice_line VALUES (139,163,'31-069',6);
INSERT INTO invoice_line VALUES (140,118,'38-109',4);
INSERT INTO invoice_line VALUES (141,143,'38-103',9);
INSERT INTO invoice_line VALUES (142,20,'84-022',10);
INSERT INTO invoice_line VALUES (143,71,'68-192',1);
INSERT INTO invoice_line VALUES (144,145,'68-192',7);
INSERT INTO invoice_line VALUES (145,147,'77-107',7);
INSERT INTO invoice_line VALUES (146,89,'38-112',6);
INSERT INTO invoice_line VALUES (147,126,'25-074',7);
INSERT INTO invoice_line VALUES (148,33,'25-070',6);
INSERT INTO invoice_line VALUES (149,18,'77-106',10);
INSERT INTO invoice_line VALUES (150,168,'31-082',2);
INSERT INTO invoice_line VALUES (151,73,'77-107',8);
INSERT INTO invoice_line VALUES (152,194,'65-042',9);
INSERT INTO invoice_line VALUES (153,183,'84-021',8);
INSERT INTO invoice_line VALUES (154,80,'84-020',10);
INSERT INTO invoice_line VALUES (155,193,'65-041',10);
INSERT INTO invoice_line VALUES (156,14,'68-191',10);
INSERT INTO invoice_line VALUES (157,121,'84-024',8);
INSERT INTO invoice_line VALUES (158,20,'05-303',10);
INSERT INTO invoice_line VALUES (159,133,'82-032',9);
INSERT INTO invoice_line VALUES (160,108,'47-160',10);
INSERT INTO invoice_line VALUES (161,121,'84-020',5);
INSERT INTO invoice_line VALUES (162,178,'47-125',9);
INSERT INTO invoice_line VALUES (163,38,'77-101',10);
INSERT INTO invoice_line VALUES (164,175,'31-083',2);
INSERT INTO invoice_line VALUES (165,44,'68-192',3);
INSERT INTO invoice_line VALUES (166,76,'84-020',10);
INSERT INTO invoice_line VALUES (167,44,'84-019',8);
INSERT INTO invoice_line VALUES (168,170,'34-824',3);
INSERT INTO invoice_line VALUES (169,180,'11-573',9);
INSERT INTO invoice_line VALUES (170,94,'38-105',2);
INSERT INTO invoice_line VALUES (171,76,'77-106',5);
INSERT INTO invoice_line VALUES (172,111,'38-112',6);
INSERT INTO invoice_line VALUES (173,97,'31-080',6);
INSERT INTO invoice_line VALUES (174,174,'84-020',7);
INSERT INTO invoice_line VALUES (175,67,'68-187',7);
INSERT INTO invoice_line VALUES (176,11,'38-106',4);
INSERT INTO invoice_line VALUES (177,111,'34-821',6);
INSERT INTO invoice_line VALUES (178,145,'08-151',5);
INSERT INTO invoice_line VALUES (179,21,'31-087',10);
INSERT INTO invoice_line VALUES (180,179,'38-107',2);
INSERT INTO invoice_line VALUES (181,72,'84-016',10);
INSERT INTO invoice_line VALUES (182,142,'31-086',2);
INSERT INTO invoice_line VALUES (183,74,'84-020',9);
INSERT INTO invoice_line VALUES (184,118,'65-044',2);
INSERT INTO invoice_line VALUES (185,133,'38-104',10);
INSERT INTO invoice_line VALUES (186,157,'31-068',5);
INSERT INTO invoice_line VALUES (187,114,'65-042',3);
INSERT INTO invoice_line VALUES (188,45,'31-075',4);
INSERT INTO invoice_line VALUES (189,197,'84-018',3);
INSERT INTO invoice_line VALUES (190,136,'68-184',8);
INSERT INTO invoice_line VALUES (191,173,'84-021',9);
INSERT INTO invoice_line VALUES (192,60,'38-111',8);
INSERT INTO invoice_line VALUES (193,110,'65-041',5);
INSERT INTO invoice_line VALUES (194,37,'31-086',5);
INSERT INTO invoice_line VALUES (195,158,'31-077',9);
INSERT INTO invoice_line VALUES (196,83,'07-390',4);
INSERT INTO invoice_line VALUES (197,153,'31-085',7);
INSERT INTO invoice_line VALUES (198,96,'05-303',2);
INSERT INTO invoice_line VALUES (199,180,'84-019',4);
INSERT INTO invoice_line VALUES (200,56,'84-019',1);
INSERT INTO invoice_line VALUES (201,131,'84-023',9);
INSERT INTO invoice_line VALUES (202,113,'68-189',1);
INSERT INTO invoice_line VALUES (203,7,'84-019',4);
INSERT INTO invoice_line VALUES (204,155,'38-110',10);
INSERT INTO invoice_line VALUES (205,128,'31-076',6);
INSERT INTO invoice_line VALUES (206,99,'77-107',10);
INSERT INTO invoice_line VALUES (207,165,'11-573',6);
INSERT INTO invoice_line VALUES (208,111,'31-074',2);
INSERT INTO invoice_line VALUES (209,93,'11-573',9);
INSERT INTO invoice_line VALUES (210,166,'84-023',9);
INSERT INTO invoice_line VALUES (211,129,'05-303',9);
INSERT INTO invoice_line VALUES (212,102,'84-016',10);
INSERT INTO invoice_line VALUES (213,121,'31-074',3);
INSERT INTO invoice_line VALUES (214,70,'05-303',10);
INSERT INTO invoice_line VALUES (215,73,'84-024',5);
INSERT INTO invoice_line VALUES (216,162,'47-125',3);
INSERT INTO invoice_line VALUES (217,100,'31-081',10);
INSERT INTO invoice_line VALUES (218,168,'68-190',4);
INSERT INTO invoice_line VALUES (219,41,'82-032',4);
INSERT INTO invoice_line VALUES (220,177,'77-102',9);
INSERT INTO invoice_line VALUES (221,74,'65-048',9);
INSERT INTO invoice_line VALUES (222,75,'11-518',7);
INSERT INTO invoice_line VALUES (223,12,'84-019',2);
INSERT INTO invoice_line VALUES (224,199,'31-076',1);
INSERT INTO invoice_line VALUES (225,59,'77-101',2);
INSERT INTO invoice_line VALUES (226,72,'38-111',7);
INSERT INTO invoice_line VALUES (227,124,'84-019',5);
INSERT INTO invoice_line VALUES (228,113,'65-046',2);
INSERT INTO invoice_line VALUES (229,155,'07-390',8);
INSERT INTO invoice_line VALUES (230,183,'38-103',4);
INSERT INTO invoice_line VALUES (231,194,'31-075',4);
INSERT INTO invoice_line VALUES (232,95,'25-072',6);
INSERT INTO invoice_line VALUES (233,9,'07-390',3);
INSERT INTO invoice_line VALUES (234,184,'84-024',4);
INSERT INTO invoice_line VALUES (235,74,'84-023',8);
INSERT INTO invoice_line VALUES (236,34,'14-040',5);
INSERT INTO invoice_line VALUES (237,136,'38-105',8);
INSERT INTO invoice_line VALUES (238,50,'38-103',7);
INSERT INTO invoice_line VALUES (239,141,'38-111',7);
INSERT INTO invoice_line VALUES (240,24,'25-074',8);
INSERT INTO invoice_line VALUES (241,195,'31-084',3);
INSERT INTO invoice_line VALUES (242,141,'25-075',4);
INSERT INTO invoice_line VALUES (243,140,'47-160',5);
INSERT INTO invoice_line VALUES (244,151,'31-080',4);
INSERT INTO invoice_line VALUES (245,7,'47-160',9);
INSERT INTO invoice_line VALUES (246,155,'14-040',8);
INSERT INTO invoice_line VALUES (247,85,'38-104',2);
INSERT INTO invoice_line VALUES (248,160,'47-160',2);
INSERT INTO invoice_line VALUES (249,117,'84-025',9);
INSERT INTO invoice_line VALUES (250,23,'84-022',6);
INSERT INTO invoice_line VALUES (251,61,'65-047',3);
INSERT INTO invoice_line VALUES (252,1,'77-103',6);
INSERT INTO invoice_line VALUES (253,61,'65-044',3);
INSERT INTO invoice_line VALUES (254,41,'38-111',9);
INSERT INTO invoice_line VALUES (255,93,'31-073',5);
INSERT INTO invoice_line VALUES (256,101,'34-824',6);
INSERT INTO invoice_line VALUES (257,193,'25-069',9);
INSERT INTO invoice_line VALUES (258,88,'68-192',1);
INSERT INTO invoice_line VALUES (259,67,'77-104',7);
INSERT INTO invoice_line VALUES (260,174,'05-303',4);
INSERT INTO invoice_line VALUES (261,103,'77-101',2);
INSERT INTO invoice_line VALUES (262,95,'14-040',9);
INSERT INTO invoice_line VALUES (263,20,'31-083',9);
INSERT INTO invoice_line VALUES (264,31,'65-044',3);
INSERT INTO invoice_line VALUES (265,107,'84-024',8);
INSERT INTO invoice_line VALUES (266,63,'31-085',4);
INSERT INTO invoice_line VALUES (267,5,'38-104',9);
INSERT INTO invoice_line VALUES (268,161,'38-106',3);
INSERT INTO invoice_line VALUES (269,87,'68-190',10);
INSERT INTO invoice_line VALUES (270,87,'68-187',1);
INSERT INTO invoice_line VALUES (271,5,'14-040',7);
INSERT INTO invoice_line VALUES (272,73,'05-303',9);
INSERT INTO invoice_line VALUES (273,174,'15-991',10);
INSERT INTO invoice_line VALUES (274,90,'25-072',3);
INSERT INTO invoice_line VALUES (275,16,'31-083',4);
INSERT INTO invoice_line VALUES (276,81,'68-184',10);
INSERT INTO invoice_line VALUES (277,45,'68-192',6);
INSERT INTO invoice_line VALUES (278,62,'31-074',9);
INSERT INTO invoice_line VALUES (279,107,'68-188',8);
INSERT INTO invoice_line VALUES (280,129,'65-044',7);
INSERT INTO invoice_line VALUES (281,194,'08-151',7);
INSERT INTO invoice_line VALUES (282,98,'25-075',10);
INSERT INTO invoice_line VALUES (283,137,'68-186',6);
INSERT INTO invoice_line VALUES (284,124,'34-824',8);
INSERT INTO invoice_line VALUES (285,80,'35-650',4);
INSERT INTO invoice_line VALUES (286,90,'65-042',10);
INSERT INTO invoice_line VALUES (287,191,'31-069',2);
INSERT INTO invoice_line VALUES (288,105,'77-103',6);
INSERT INTO invoice_line VALUES (289,78,'84-020',5);
INSERT INTO invoice_line VALUES (290,178,'34-824',1);
INSERT INTO invoice_line VALUES (291,168,'11-573',1);
INSERT INTO invoice_line VALUES (292,159,'31-086',5);
INSERT INTO invoice_line VALUES (293,66,'65-047',4);
INSERT INTO invoice_line VALUES (294,10,'31-085',5);
INSERT INTO invoice_line VALUES (295,179,'68-191',4);
INSERT INTO invoice_line VALUES (296,187,'65-045',4);
INSERT INTO invoice_line VALUES (297,164,'65-044',5);
INSERT INTO invoice_line VALUES (298,4,'25-075',2);
INSERT INTO invoice_line VALUES (299,170,'25-069',6);
INSERT INTO invoice_line VALUES (300,198,'31-075',7);
INSERT INTO invoice_line VALUES (301,193,'65-044',10);
INSERT INTO invoice_line VALUES (302,111,'31-083',6);
INSERT INTO invoice_line VALUES (303,6,'38-111',1);
INSERT INTO invoice_line VALUES (304,155,'31-085',10);
INSERT INTO invoice_line VALUES (305,23,'07-390',8);
INSERT INTO invoice_line VALUES (306,78,'25-071',4);
INSERT INTO invoice_line VALUES (307,28,'31-088',6);
INSERT INTO invoice_line VALUES (308,21,'84-023',2);
INSERT INTO invoice_line VALUES (309,19,'68-190',4);
INSERT INTO invoice_line VALUES (310,162,'31-070',8);
INSERT INTO invoice_line VALUES (311,31,'38-109',3);
INSERT INTO invoice_line VALUES (312,136,'25-071',2);
INSERT INTO invoice_line VALUES (313,76,'31-070',2);
INSERT INTO invoice_line VALUES (314,176,'34-821',5);
INSERT INTO invoice_line VALUES (315,15,'77-104',7);
INSERT INTO invoice_line VALUES (316,187,'68-188',4);
INSERT INTO invoice_line VALUES (317,107,'31-069',4);
INSERT INTO invoice_line VALUES (318,35,'38-110',4);
INSERT INTO invoice_line VALUES (319,142,'68-189',9);
INSERT INTO invoice_line VALUES (320,146,'77-102',9);
INSERT INTO invoice_line VALUES (321,182,'68-187',6);
INSERT INTO invoice_line VALUES (322,131,'84-020',6);
INSERT INTO invoice_line VALUES (323,7,'68-187',1);
INSERT INTO invoice_line VALUES (324,151,'65-046',4);
INSERT INTO invoice_line VALUES (325,157,'65-041',5);
INSERT INTO invoice_line VALUES (326,114,'38-111',2);
INSERT INTO invoice_line VALUES (327,81,'68-189',6);
INSERT INTO invoice_line VALUES (328,14,'77-102',9);
INSERT INTO invoice_line VALUES (329,18,'11-583',9);
INSERT INTO invoice_line VALUES (330,88,'31-082',7);
INSERT INTO invoice_line VALUES (331,24,'38-110',7);
INSERT INTO invoice_line VALUES (332,126,'25-072',1);
INSERT INTO invoice_line VALUES (333,108,'68-189',6);
INSERT INTO invoice_line VALUES (334,141,'84-017',4);
INSERT INTO invoice_line VALUES (335,61,'31-083',8);
INSERT INTO invoice_line VALUES (336,157,'84-021',2);
INSERT INTO invoice_line VALUES (337,64,'31-081',2);
INSERT INTO invoice_line VALUES (338,45,'14-040',7);
INSERT INTO invoice_line VALUES (339,161,'38-112',6);
INSERT INTO invoice_line VALUES (340,124,'11-573',8);
INSERT INTO invoice_line VALUES (341,117,'31-081',5);
INSERT INTO invoice_line VALUES (342,119,'09-077',7);
INSERT INTO invoice_line VALUES (343,140,'31-075',8);
INSERT INTO invoice_line VALUES (344,84,'65-042',6);
INSERT INTO invoice_line VALUES (345,138,'09-077',3);
INSERT INTO invoice_line VALUES (346,81,'68-190',1);
INSERT INTO invoice_line VALUES (347,183,'31-077',9);
INSERT INTO invoice_line VALUES (348,159,'31-070',7);
INSERT INTO invoice_line VALUES (349,40,'68-191',9);
INSERT INTO invoice_line VALUES (350,79,'31-077',2);
INSERT INTO invoice_line VALUES (351,191,'77-105',4);
INSERT INTO invoice_line VALUES (352,138,'68-189',8);
INSERT INTO invoice_line VALUES (353,164,'25-073',3);
INSERT INTO invoice_line VALUES (354,6,'38-105',4);
INSERT INTO invoice_line VALUES (355,92,'68-187',3);
INSERT INTO invoice_line VALUES (356,77,'38-106',8);
INSERT INTO invoice_line VALUES (357,49,'47-160',5);
INSERT INTO invoice_line VALUES (358,7,'31-083',5);
INSERT INTO invoice_line VALUES (359,109,'14-040',5);
INSERT INTO invoice_line VALUES (360,188,'38-106',7);
INSERT INTO invoice_line VALUES (361,118,'31-071',5);
INSERT INTO invoice_line VALUES (362,17,'34-821',6);
INSERT INTO invoice_line VALUES (363,87,'38-107',7);
INSERT INTO invoice_line VALUES (364,196,'31-075',4);
INSERT INTO invoice_line VALUES (365,190,'34-821',5);
INSERT INTO invoice_line VALUES (366,116,'77-101',9);
INSERT INTO invoice_line VALUES (367,158,'65-045',8);
INSERT INTO invoice_line VALUES (368,145,'84-017',8);
INSERT INTO invoice_line VALUES (369,58,'68-187',6);
INSERT INTO invoice_line VALUES (370,143,'77-103',3);
INSERT INTO invoice_line VALUES (371,154,'65-046',5);
INSERT INTO invoice_line VALUES (372,157,'07-390',5);
INSERT INTO invoice_line VALUES (373,191,'84-025',6);
INSERT INTO invoice_line VALUES (374,185,'84-019',7);
INSERT INTO invoice_line VALUES (375,90,'25-070',1);
INSERT INTO invoice_line VALUES (376,30,'25-072',10);
INSERT INTO invoice_line VALUES (377,76,'25-071',10);
INSERT INTO invoice_line VALUES (378,155,'31-073',3);
INSERT INTO invoice_line VALUES (379,103,'31-073',3);
INSERT INTO invoice_line VALUES (380,84,'31-083',2);
INSERT INTO invoice_line VALUES (381,41,'84-024',2);
INSERT INTO invoice_line VALUES (382,19,'11-543',3);
INSERT INTO invoice_line VALUES (383,121,'25-073',4);
INSERT INTO invoice_line VALUES (384,11,'84-021',3);
INSERT INTO invoice_line VALUES (385,192,'65-044',3);
INSERT INTO invoice_line VALUES (386,61,'25-069',2);
INSERT INTO invoice_line VALUES (387,111,'34-821',6);
INSERT INTO invoice_line VALUES (388,9,'65-043',4);
INSERT INTO invoice_line VALUES (389,127,'84-025',3);
INSERT INTO invoice_line VALUES (390,42,'11-573',9);
INSERT INTO invoice_line VALUES (391,135,'38-110',6);
INSERT INTO invoice_line VALUES (392,107,'31-087',2);
INSERT INTO invoice_line VALUES (393,106,'25-069',1);
INSERT INTO invoice_line VALUES (394,7,'11-518',4);
INSERT INTO invoice_line VALUES (395,38,'25-069',2);
INSERT INTO invoice_line VALUES (396,14,'31-085',9);
INSERT INTO invoice_line VALUES (397,153,'77-107',7);
INSERT INTO invoice_line VALUES (398,191,'38-106',9);
INSERT INTO invoice_line VALUES (399,93,'38-107',4);
INSERT INTO invoice_line VALUES (400,184,'68-191',2);
INSERT INTO invoice_line VALUES (401,15,'65-048',7);
INSERT INTO invoice_line VALUES (402,187,'65-048',4);
INSERT INTO invoice_line VALUES (403,171,'31-069',5);
INSERT INTO invoice_line VALUES (404,135,'68-191',7);
INSERT INTO invoice_line VALUES (405,37,'31-087',8);
INSERT INTO invoice_line VALUES (406,122,'65-044',3);
INSERT INTO invoice_line VALUES (407,185,'11-573',7);
INSERT INTO invoice_line VALUES (408,63,'38-110',9);
INSERT INTO invoice_line VALUES (409,139,'31-072',7);
INSERT INTO invoice_line VALUES (410,30,'25-073',5);
INSERT INTO invoice_line VALUES (411,13,'68-188',6);
INSERT INTO invoice_line VALUES (412,92,'38-110',2);
INSERT INTO invoice_line VALUES (413,61,'65-048',4);
INSERT INTO invoice_line VALUES (414,36,'38-110',3);
INSERT INTO invoice_line VALUES (415,177,'34-821',9);
INSERT INTO invoice_line VALUES (416,130,'09-077',9);
INSERT INTO invoice_line VALUES (417,59,'31-075',1);
INSERT INTO invoice_line VALUES (418,109,'31-070',7);
INSERT INTO invoice_line VALUES (419,49,'25-069',10);
INSERT INTO invoice_line VALUES (420,29,'31-087',2);
INSERT INTO invoice_line VALUES (421,99,'77-104',9);
INSERT INTO invoice_line VALUES (422,143,'84-018',3);
INSERT INTO invoice_line VALUES (423,129,'34-824',3);
INSERT INTO invoice_line VALUES (424,16,'31-074',10);
INSERT INTO invoice_line VALUES (425,179,'35-650',3);
INSERT INTO invoice_line VALUES (426,146,'65-047',4);
INSERT INTO invoice_line VALUES (427,48,'38-111',2);
INSERT INTO invoice_line VALUES (428,42,'68-184',6);
INSERT INTO invoice_line VALUES (429,33,'47-125',2);
INSERT INTO invoice_line VALUES (430,103,'09-077',5);
INSERT INTO invoice_line VALUES (431,72,'15-991',7);
INSERT INTO invoice_line VALUES (432,117,'68-190',8);
INSERT INTO invoice_line VALUES (433,78,'38-108',10);
INSERT INTO invoice_line VALUES (434,69,'65-042',1);
INSERT INTO invoice_line VALUES (435,162,'68-185',9);
INSERT INTO invoice_line VALUES (436,146,'08-151',9);
INSERT INTO invoice_line VALUES (437,76,'35-520',5);
INSERT INTO invoice_line VALUES (438,127,'07-390',6);
INSERT INTO invoice_line VALUES (439,117,'68-191',8);
INSERT INTO invoice_line VALUES (440,34,'68-186',2);
INSERT INTO invoice_line VALUES (441,200,'65-045',8);
INSERT INTO invoice_line VALUES (442,148,'68-186',8);
INSERT INTO invoice_line VALUES (443,156,'68-186',4);
INSERT INTO invoice_line VALUES (444,135,'09-077',9);
INSERT INTO invoice_line VALUES (445,123,'77-101',9);
INSERT INTO invoice_line VALUES (446,197,'84-016',6);
INSERT INTO invoice_line VALUES (447,97,'31-073',5);
INSERT INTO invoice_line VALUES (448,175,'14-040',8);
INSERT INTO invoice_line VALUES (449,116,'31-082',2);
INSERT INTO invoice_line VALUES (450,26,'47-160',4);
INSERT INTO invoice_line VALUES (451,90,'31-076',4);
INSERT INTO invoice_line VALUES (452,94,'11-583',1);
INSERT INTO invoice_line VALUES (453,78,'84-017',9);
INSERT INTO invoice_line VALUES (454,131,'31-074',8);
INSERT INTO invoice_line VALUES (455,8,'31-075',4);
INSERT INTO invoice_line VALUES (456,39,'82-032',10);
INSERT INTO invoice_line VALUES (457,149,'31-070',10);
INSERT INTO invoice_line VALUES (458,128,'31-077',4);
INSERT INTO invoice_line VALUES (459,55,'35-650',3);
INSERT INTO invoice_line VALUES (460,28,'31-082',10);
INSERT INTO invoice_line VALUES (461,131,'47-125',5);
INSERT INTO invoice_line VALUES (462,28,'11-518',3);
INSERT INTO invoice_line VALUES (463,158,'68-191',4);
INSERT INTO invoice_line VALUES (464,77,'38-103',5);
INSERT INTO invoice_line VALUES (465,172,'31-068',3);
INSERT INTO invoice_line VALUES (466,17,'31-071',8);
INSERT INTO invoice_line VALUES (467,3,'31-068',10);
INSERT INTO invoice_line VALUES (468,70,'31-075',8);
INSERT INTO invoice_line VALUES (469,64,'05-303',3);
INSERT INTO invoice_line VALUES (470,123,'31-069',2);
INSERT INTO invoice_line VALUES (471,119,'31-073',7);
INSERT INTO invoice_line VALUES (472,25,'68-187',7);
INSERT INTO invoice_line VALUES (473,18,'77-102',10);
INSERT INTO invoice_line VALUES (474,148,'38-109',5);
INSERT INTO invoice_line VALUES (475,3,'31-081',8);
INSERT INTO invoice_line VALUES (476,75,'38-104',6);
INSERT INTO invoice_line VALUES (477,58,'25-075',5);
INSERT INTO invoice_line VALUES (478,103,'77-106',2);
INSERT INTO invoice_line VALUES (479,52,'38-103',3);
INSERT INTO invoice_line VALUES (480,2,'77-106',9);
INSERT INTO invoice_line VALUES (481,191,'77-106',8);
INSERT INTO invoice_line VALUES (482,14,'47-125',2);
INSERT INTO invoice_line VALUES (483,6,'47-160',9);
INSERT INTO invoice_line VALUES (484,143,'15-991',4);
INSERT INTO invoice_line VALUES (485,52,'77-101',7);
INSERT INTO invoice_line VALUES (486,141,'31-076',5);
INSERT INTO invoice_line VALUES (487,167,'31-072',10);
INSERT INTO invoice_line VALUES (488,142,'84-024',5);
INSERT INTO invoice_line VALUES (489,87,'09-077',3);
INSERT INTO invoice_line VALUES (490,37,'15-991',9);
INSERT INTO invoice_line VALUES (491,158,'38-104',5);
INSERT INTO invoice_line VALUES (492,31,'68-189',8);
INSERT INTO invoice_line VALUES (493,151,'84-022',2);
INSERT INTO invoice_line VALUES (494,151,'31-084',3);
INSERT INTO invoice_line VALUES (495,116,'68-186',5);
INSERT INTO invoice_line VALUES (496,40,'15-991',7);
INSERT INTO invoice_line VALUES (497,106,'31-080',1);
INSERT INTO invoice_line VALUES (498,9,'11-543',6);
INSERT INTO invoice_line VALUES (499,15,'68-191',5);
INSERT INTO invoice_line VALUES (500,87,'77-101',5);
INSERT INTO invoice_line VALUES (501,95,'68-187',3);
INSERT INTO invoice_line VALUES (502,31,'77-103',8);
INSERT INTO invoice_line VALUES (503,190,'77-103',10);
INSERT INTO invoice_line VALUES (504,60,'31-085',3);
INSERT INTO invoice_line VALUES (505,177,'35-650',10);
INSERT INTO invoice_line VALUES (506,119,'31-075',6);
INSERT INTO invoice_line VALUES (507,121,'77-106',1);
INSERT INTO invoice_line VALUES (508,58,'38-106',4);
INSERT INTO invoice_line VALUES (509,44,'31-075',9);
INSERT INTO invoice_line VALUES (510,161,'84-025',6);
INSERT INTO invoice_line VALUES (511,22,'68-185',10);
INSERT INTO invoice_line VALUES (512,163,'84-022',3);
INSERT INTO invoice_line VALUES (513,53,'77-101',9);
INSERT INTO invoice_line VALUES (514,185,'68-188',10);
INSERT INTO invoice_line VALUES (515,184,'47-125',7);
INSERT INTO invoice_line VALUES (516,22,'38-112',10);
INSERT INTO invoice_line VALUES (517,74,'77-101',6);
INSERT INTO invoice_line VALUES (518,108,'84-017',6);
INSERT INTO invoice_line VALUES (519,148,'38-105',2);
INSERT INTO invoice_line VALUES (520,98,'84-024',10);
INSERT INTO invoice_line VALUES (521,101,'31-070',4);
INSERT INTO invoice_line VALUES (522,77,'47-160',6);
INSERT INTO invoice_line VALUES (523,125,'84-025',3);
INSERT INTO invoice_line VALUES (524,173,'84-025',2);
INSERT INTO invoice_line VALUES (525,129,'31-070',2);
INSERT INTO invoice_line VALUES (526,88,'25-071',5);
INSERT INTO invoice_line VALUES (527,19,'77-103',3);
INSERT INTO invoice_line VALUES (528,106,'31-068',4);
INSERT INTO invoice_line VALUES (529,111,'38-112',6);
INSERT INTO invoice_line VALUES (530,159,'77-107',9);
INSERT INTO invoice_line VALUES (531,75,'65-044',2);
INSERT INTO invoice_line VALUES (532,189,'14-040',1);
INSERT INTO invoice_line VALUES (533,190,'77-106',9);
INSERT INTO invoice_line VALUES (534,76,'25-073',2);
INSERT INTO invoice_line VALUES (535,106,'31-075',3);
INSERT INTO invoice_line VALUES (536,169,'31-082',1);
INSERT INTO invoice_line VALUES (537,179,'77-103',4);
INSERT INTO invoice_line VALUES (538,56,'84-018',3);
INSERT INTO invoice_line VALUES (539,56,'84-016',1);
INSERT INTO invoice_line VALUES (540,16,'38-110',9);
INSERT INTO invoice_line VALUES (541,86,'38-104',6);
INSERT INTO invoice_line VALUES (542,174,'35-650',9);
INSERT INTO invoice_line VALUES (543,4,'65-044',9);
INSERT INTO invoice_line VALUES (544,81,'65-041',3);
INSERT INTO invoice_line VALUES (545,91,'31-086',4);
INSERT INTO invoice_line VALUES (546,150,'31-087',2);
INSERT INTO invoice_line VALUES (547,180,'65-048',8);
INSERT INTO invoice_line VALUES (548,94,'65-047',3);
INSERT INTO invoice_line VALUES (549,8,'38-110',9);
INSERT INTO invoice_line VALUES (550,193,'08-151',5);
INSERT INTO invoice_line VALUES (551,127,'31-076',2);
INSERT INTO invoice_line VALUES (552,26,'65-041',3);
INSERT INTO invoice_line VALUES (553,51,'31-071',3);
INSERT INTO invoice_line VALUES (554,196,'77-104',4);
INSERT INTO invoice_line VALUES (555,153,'38-109',6);
INSERT INTO invoice_line VALUES (556,194,'31-073',4);
INSERT INTO invoice_line VALUES (557,126,'31-070',8);
INSERT INTO invoice_line VALUES (558,168,'38-108',6);
INSERT INTO invoice_line VALUES (559,63,'38-112',7);
INSERT INTO invoice_line VALUES (560,12,'77-101',3);
INSERT INTO invoice_line VALUES (561,115,'84-019',10);
INSERT INTO invoice_line VALUES (562,18,'38-103',3);
INSERT INTO invoice_line VALUES (563,104,'47-160',9);
INSERT INTO invoice_line VALUES (564,6,'38-103',8);
INSERT INTO invoice_line VALUES (565,7,'34-824',9);
INSERT INTO invoice_line VALUES (566,157,'84-022',10);
INSERT INTO invoice_line VALUES (567,143,'11-583',3);
INSERT INTO invoice_line VALUES (568,101,'11-573',6);
INSERT INTO invoice_line VALUES (569,34,'25-070',7);
INSERT INTO invoice_line VALUES (570,72,'31-075',5);
INSERT INTO invoice_line VALUES (571,122,'84-022',8);
INSERT INTO invoice_line VALUES (572,166,'84-025',7);
INSERT INTO invoice_line VALUES (573,116,'31-087',8);
INSERT INTO invoice_line VALUES (574,117,'11-573',10);
INSERT INTO invoice_line VALUES (575,11,'68-187',10);
INSERT INTO invoice_line VALUES (576,104,'31-072',4);
INSERT INTO invoice_line VALUES (577,91,'68-190',8);
INSERT INTO invoice_line VALUES (578,141,'31-077',6);
INSERT INTO invoice_line VALUES (579,168,'77-106',8);
INSERT INTO invoice_line VALUES (580,1,'68-188',4);
INSERT INTO invoice_line VALUES (581,141,'38-104',9);
INSERT INTO invoice_line VALUES (582,150,'31-070',10);
INSERT INTO invoice_line VALUES (583,8,'84-023',4);
INSERT INTO invoice_line VALUES (584,89,'65-041',7);
INSERT INTO invoice_line VALUES (585,170,'77-101',3);
INSERT INTO invoice_line VALUES (586,81,'84-021',7);
INSERT INTO invoice_line VALUES (587,72,'31-088',8);
INSERT INTO invoice_line VALUES (588,66,'84-020',2);
INSERT INTO invoice_line VALUES (589,79,'35-650',4);
INSERT INTO invoice_line VALUES (590,63,'31-072',3);
INSERT INTO invoice_line VALUES (591,60,'84-025',2);
INSERT INTO invoice_line VALUES (592,10,'77-106',6);
INSERT INTO invoice_line VALUES (593,61,'09-077',9);
INSERT INTO invoice_line VALUES (594,25,'77-102',6);
INSERT INTO invoice_line VALUES (595,16,'84-024',9);
INSERT INTO invoice_line VALUES (596,142,'38-112',9);
INSERT INTO invoice_line VALUES (597,34,'65-044',7);
INSERT INTO invoice_line VALUES (598,43,'77-101',7);
INSERT INTO invoice_line VALUES (599,7,'14-040',2);
INSERT INTO invoice_line VALUES (600,182,'77-102',1);
INSERT INTO invoice_line VALUES (601,71,'35-520',6);
INSERT INTO invoice_line VALUES (602,175,'31-086',7);
INSERT INTO invoice_line VALUES (603,74,'65-043',5);
INSERT INTO invoice_line VALUES (604,86,'77-105',10);
INSERT INTO invoice_line VALUES (605,192,'25-073',7);
INSERT INTO invoice_line VALUES (606,25,'25-069',9);
INSERT INTO invoice_line VALUES (607,60,'84-018',1);
INSERT INTO invoice_line VALUES (608,182,'07-390',3);
INSERT INTO invoice_line VALUES (609,146,'84-020',9);
INSERT INTO invoice_line VALUES (610,18,'68-191',4);
INSERT INTO invoice_line VALUES (611,175,'38-103',4);
INSERT INTO invoice_line VALUES (612,142,'25-074',4);
INSERT INTO invoice_line VALUES (613,199,'68-189',6);
INSERT INTO invoice_line VALUES (614,115,'31-081',5);
INSERT INTO invoice_line VALUES (615,2,'25-070',8);
INSERT INTO invoice_line VALUES (616,61,'84-022',9);
INSERT INTO invoice_line VALUES (617,62,'31-085',9);
INSERT INTO invoice_line VALUES (618,124,'05-303',2);
INSERT INTO invoice_line VALUES (619,138,'25-073',2);
INSERT INTO invoice_line VALUES (620,78,'31-073',4);
INSERT INTO invoice_line VALUES (621,126,'11-518',3);
INSERT INTO invoice_line VALUES (622,51,'31-072',6);
INSERT INTO invoice_line VALUES (623,34,'07-390',7);
INSERT INTO invoice_line VALUES (624,121,'77-103',7);
INSERT INTO invoice_line VALUES (625,187,'31-070',4);
INSERT INTO invoice_line VALUES (626,130,'31-071',7);
INSERT INTO invoice_line VALUES (627,140,'65-046',2);
INSERT INTO invoice_line VALUES (628,152,'31-070',4);
INSERT INTO invoice_line VALUES (629,162,'11-573',9);
INSERT INTO invoice_line VALUES (630,25,'84-017',7);
INSERT INTO invoice_line VALUES (631,24,'77-107',7);
INSERT INTO invoice_line VALUES (632,117,'31-085',3);
INSERT INTO invoice_line VALUES (633,79,'31-075',2);
INSERT INTO invoice_line VALUES (634,180,'31-085',5);
INSERT INTO invoice_line VALUES (635,134,'31-083',1);
INSERT INTO invoice_line VALUES (636,159,'65-048',6);
INSERT INTO invoice_line VALUES (637,40,'68-191',10);
INSERT INTO invoice_line VALUES (638,142,'84-020',6);
INSERT INTO invoice_line VALUES (639,105,'38-110',6);
INSERT INTO invoice_line VALUES (640,171,'25-069',10);
INSERT INTO invoice_line VALUES (641,27,'68-189',6);
INSERT INTO invoice_line VALUES (642,76,'25-074',7);
INSERT INTO invoice_line VALUES (643,153,'77-107',7);
INSERT INTO invoice_line VALUES (644,65,'31-084',8);
INSERT INTO invoice_line VALUES (645,91,'84-017',4);
INSERT INTO invoice_line VALUES (646,174,'31-082',4);
INSERT INTO invoice_line VALUES (647,186,'31-085',10);
INSERT INTO invoice_line VALUES (648,159,'47-160',7);
INSERT INTO invoice_line VALUES (649,16,'34-824',3);
INSERT INTO invoice_line VALUES (650,146,'77-106',5);
INSERT INTO invoice_line VALUES (651,133,'31-080',2);
INSERT INTO invoice_line VALUES (652,6,'38-112',7);
INSERT INTO invoice_line VALUES (653,56,'11-518',6);
INSERT INTO invoice_line VALUES (654,136,'47-160',6);
INSERT INTO invoice_line VALUES (655,29,'65-043',7);
INSERT INTO invoice_line VALUES (656,2,'25-075',10);
INSERT INTO invoice_line VALUES (657,27,'65-048',10);
INSERT INTO invoice_line VALUES (658,156,'07-390',2);
INSERT INTO invoice_line VALUES (659,115,'84-023',4);
INSERT INTO invoice_line VALUES (660,175,'35-520',6);
INSERT INTO invoice_line VALUES (661,28,'38-109',10);
INSERT INTO invoice_line VALUES (662,122,'68-187',6);
INSERT INTO invoice_line VALUES (663,2,'07-390',9);
INSERT INTO invoice_line VALUES (664,34,'38-103',9);
INSERT INTO invoice_line VALUES (665,103,'65-047',5);
INSERT INTO invoice_line VALUES (666,30,'34-821',10);
INSERT INTO invoice_line VALUES (667,149,'84-021',4);
INSERT INTO invoice_line VALUES (668,111,'84-020',9);
INSERT INTO invoice_line VALUES (669,18,'68-185',2);
INSERT INTO invoice_line VALUES (670,86,'31-075',5);
INSERT INTO invoice_line VALUES (671,149,'84-022',10);
INSERT INTO invoice_line VALUES (672,77,'25-071',7);
INSERT INTO invoice_line VALUES (673,120,'84-024',7);
INSERT INTO invoice_line VALUES (674,68,'25-074',10);
INSERT INTO invoice_line VALUES (675,30,'25-074',3);
INSERT INTO invoice_line VALUES (676,112,'31-088',7);
INSERT INTO invoice_line VALUES (677,69,'31-070',10);
INSERT INTO invoice_line VALUES (678,165,'11-518',7);
INSERT INTO invoice_line VALUES (679,41,'68-190',2);
INSERT INTO invoice_line VALUES (680,146,'25-074',2);
INSERT INTO invoice_line VALUES (681,43,'68-185',4);
INSERT INTO invoice_line VALUES (682,148,'68-191',9);
INSERT INTO invoice_line VALUES (683,86,'31-086',4);
INSERT INTO invoice_line VALUES (684,152,'38-106',2);
INSERT INTO invoice_line VALUES (685,184,'31-086',5);
INSERT INTO invoice_line VALUES (686,146,'47-160',5);
INSERT INTO invoice_line VALUES (687,34,'31-077',7);
INSERT INTO invoice_line VALUES (688,165,'31-086',2);
INSERT INTO invoice_line VALUES (689,66,'25-072',9);
INSERT INTO invoice_line VALUES (690,105,'35-520',5);
INSERT INTO invoice_line VALUES (691,112,'11-573',3);
INSERT INTO invoice_line VALUES (692,8,'31-076',4);
INSERT INTO invoice_line VALUES (693,45,'31-069',1);
INSERT INTO invoice_line VALUES (694,148,'31-082',8);
INSERT INTO invoice_line VALUES (695,184,'65-047',3);
INSERT INTO invoice_line VALUES (696,155,'65-041',10);
INSERT INTO invoice_line VALUES (697,187,'84-024',3);
INSERT INTO invoice_line VALUES (698,61,'31-075',4);
INSERT INTO invoice_line VALUES (699,116,'38-103',9);
INSERT INTO invoice_line VALUES (700,64,'08-151',8);
INSERT INTO invoice_line VALUES (701,59,'68-190',4);
INSERT INTO invoice_line VALUES (702,190,'31-082',5);
INSERT INTO invoice_line VALUES (703,21,'25-071',3);
INSERT INTO invoice_line VALUES (704,21,'65-044',7);
INSERT INTO invoice_line VALUES (705,64,'77-101',2);
INSERT INTO invoice_line VALUES (706,105,'25-070',8);
INSERT INTO invoice_line VALUES (707,141,'38-103',5);
INSERT INTO invoice_line VALUES (708,72,'11-583',10);
INSERT INTO invoice_line VALUES (709,82,'84-020',7);
INSERT INTO invoice_line VALUES (710,162,'35-650',5);
INSERT INTO invoice_line VALUES (711,50,'77-107',3);
INSERT INTO invoice_line VALUES (712,61,'31-070',5);
INSERT INTO invoice_line VALUES (713,142,'31-070',10);
INSERT INTO invoice_line VALUES (714,138,'84-022',2);
INSERT INTO invoice_line VALUES (715,138,'38-111',6);
INSERT INTO invoice_line VALUES (716,110,'68-185',9);
INSERT INTO invoice_line VALUES (717,104,'68-190',7);
INSERT INTO invoice_line VALUES (718,25,'31-071',1);
INSERT INTO invoice_line VALUES (719,167,'31-072',6);
INSERT INTO invoice_line VALUES (720,101,'38-105',1);
INSERT INTO invoice_line VALUES (721,83,'38-105',3);
INSERT INTO invoice_line VALUES (722,151,'31-070',1);
INSERT INTO invoice_line VALUES (723,8,'25-071',2);
INSERT INTO invoice_line VALUES (724,36,'84-022',2);
INSERT INTO invoice_line VALUES (725,140,'68-188',10);
INSERT INTO invoice_line VALUES (726,109,'11-573',4);
INSERT INTO invoice_line VALUES (727,132,'84-021',3);
INSERT INTO invoice_line VALUES (728,168,'84-017',5);
INSERT INTO invoice_line VALUES (729,170,'68-184',2);
INSERT INTO invoice_line VALUES (730,164,'38-104',3);
INSERT INTO invoice_line VALUES (731,120,'31-074',8);
INSERT INTO invoice_line VALUES (732,15,'77-102',6);
INSERT INTO invoice_line VALUES (733,196,'38-106',9);
INSERT INTO invoice_line VALUES (734,72,'68-189',7);
INSERT INTO invoice_line VALUES (735,194,'38-103',4);
INSERT INTO invoice_line VALUES (736,72,'38-112',3);
INSERT INTO invoice_line VALUES (737,158,'15-991',3);
INSERT INTO invoice_line VALUES (738,151,'68-190',5);
INSERT INTO invoice_line VALUES (739,157,'77-107',8);
INSERT INTO invoice_line VALUES (740,61,'31-070',2);
INSERT INTO invoice_line VALUES (741,188,'34-824',9);
INSERT INTO invoice_line VALUES (742,102,'11-543',7);
INSERT INTO invoice_line VALUES (743,73,'65-043',8);
INSERT INTO invoice_line VALUES (744,177,'14-040',10);
INSERT INTO invoice_line VALUES (745,200,'84-022',5);
INSERT INTO invoice_line VALUES (746,135,'65-042',7);
INSERT INTO invoice_line VALUES (747,48,'84-018',10);
INSERT INTO invoice_line VALUES (748,17,'07-390',3);
INSERT INTO invoice_line VALUES (749,53,'84-019',8);
INSERT INTO invoice_line VALUES (750,108,'31-080',6);
INSERT INTO invoice_line VALUES (751,56,'25-070',10);
INSERT INTO invoice_line VALUES (752,19,'65-047',3);
INSERT INTO invoice_line VALUES (753,38,'38-106',10);
INSERT INTO invoice_line VALUES (754,116,'38-107',5);
INSERT INTO invoice_line VALUES (755,49,'31-087',10);
INSERT INTO invoice_line VALUES (756,194,'84-021',4);
INSERT INTO invoice_line VALUES (757,138,'84-019',10);
INSERT INTO invoice_line VALUES (758,155,'31-077',10);
INSERT INTO invoice_line VALUES (759,8,'31-075',5);
INSERT INTO invoice_line VALUES (760,158,'65-043',3);
INSERT INTO invoice_line VALUES (761,103,'68-191',2);
INSERT INTO invoice_line VALUES (762,43,'47-160',9);
INSERT INTO invoice_line VALUES (763,108,'68-191',4);
INSERT INTO invoice_line VALUES (764,129,'08-151',10);
INSERT INTO invoice_line VALUES (765,41,'31-068',5);
INSERT INTO invoice_line VALUES (766,32,'38-110',8);
INSERT INTO invoice_line VALUES (767,178,'38-107',10);
INSERT INTO invoice_line VALUES (768,25,'65-043',6);
INSERT INTO invoice_line VALUES (769,31,'38-108',6);
INSERT INTO invoice_line VALUES (770,155,'84-016',6);
INSERT INTO invoice_line VALUES (771,184,'31-069',2);
INSERT INTO invoice_line VALUES (772,151,'25-070',1);
INSERT INTO invoice_line VALUES (773,101,'77-102',10);
INSERT INTO invoice_line VALUES (774,153,'31-076',1);
INSERT INTO invoice_line VALUES (775,3,'31-070',5);
INSERT INTO invoice_line VALUES (776,173,'38-109',8);
INSERT INTO invoice_line VALUES (777,82,'77-106',3);
INSERT INTO invoice_line VALUES (778,80,'31-074',7);
INSERT INTO invoice_line VALUES (779,154,'31-080',4);
INSERT INTO invoice_line VALUES (780,34,'77-102',8);
INSERT INTO invoice_line VALUES (781,114,'31-087',10);
INSERT INTO invoice_line VALUES (782,65,'08-151',3);
INSERT INTO invoice_line VALUES (783,102,'84-022',8);
INSERT INTO invoice_line VALUES (784,32,'25-074',7);
INSERT INTO invoice_line VALUES (785,196,'07-390',8);
INSERT INTO invoice_line VALUES (786,179,'31-068',2);
INSERT INTO invoice_line VALUES (787,46,'68-191',10);
INSERT INTO invoice_line VALUES (788,48,'68-192',1);
INSERT INTO invoice_line VALUES (789,81,'31-082',10);
INSERT INTO invoice_line VALUES (790,174,'25-072',9);
INSERT INTO invoice_line VALUES (791,157,'07-390',3);
INSERT INTO invoice_line VALUES (792,180,'31-068',3);
INSERT INTO invoice_line VALUES (793,172,'25-073',9);
INSERT INTO invoice_line VALUES (794,112,'38-110',1);
INSERT INTO invoice_line VALUES (795,61,'31-071',5);
INSERT INTO invoice_line VALUES (796,44,'68-188',7);
INSERT INTO invoice_line VALUES (797,40,'38-110',9);
INSERT INTO invoice_line VALUES (798,183,'65-042',2);
INSERT INTO invoice_line VALUES (799,41,'65-043',7);
INSERT INTO invoice_line VALUES (800,10,'25-071',8);
INSERT INTO invoice_line VALUES (801,176,'31-082',8);
INSERT INTO invoice_line VALUES (802,195,'68-189',3);
INSERT INTO invoice_line VALUES (803,70,'84-018',8);
INSERT INTO invoice_line VALUES (804,27,'09-077',7);
INSERT INTO invoice_line VALUES (805,35,'11-543',1);
INSERT INTO invoice_line VALUES (806,81,'31-082',2);
INSERT INTO invoice_line VALUES (807,52,'35-520',9);
INSERT INTO invoice_line VALUES (808,87,'77-104',10);
INSERT INTO invoice_line VALUES (809,139,'34-821',8);
INSERT INTO invoice_line VALUES (810,187,'31-073',7);
INSERT INTO invoice_line VALUES (811,83,'31-077',8);
INSERT INTO invoice_line VALUES (812,168,'38-112',7);
INSERT INTO invoice_line VALUES (813,85,'38-106',9);
INSERT INTO invoice_line VALUES (814,42,'31-082',2);
INSERT INTO invoice_line VALUES (815,6,'77-104',8);
INSERT INTO invoice_line VALUES (816,124,'38-108',2);
INSERT INTO invoice_line VALUES (817,96,'65-043',1);
INSERT INTO invoice_line VALUES (818,75,'84-019',9);
INSERT INTO invoice_line VALUES (819,113,'31-084',2);
INSERT INTO invoice_line VALUES (820,123,'65-044',6);
INSERT INTO invoice_line VALUES (821,72,'68-186',6);
INSERT INTO invoice_line VALUES (822,112,'09-077',6);
INSERT INTO invoice_line VALUES (823,7,'25-072',2);
INSERT INTO invoice_line VALUES (824,169,'38-111',8);
INSERT INTO invoice_line VALUES (825,7,'11-518',7);
INSERT INTO invoice_line VALUES (826,174,'65-045',9);
INSERT INTO invoice_line VALUES (827,152,'31-076',7);
INSERT INTO invoice_line VALUES (828,80,'65-045',2);
INSERT INTO invoice_line VALUES (829,24,'31-082',8);
INSERT INTO invoice_line VALUES (830,141,'68-192',6);
INSERT INTO invoice_line VALUES (831,181,'77-105',6);
INSERT INTO invoice_line VALUES (832,193,'38-104',2);
INSERT INTO invoice_line VALUES (833,139,'38-109',3);
INSERT INTO invoice_line VALUES (834,157,'38-103',5);
INSERT INTO invoice_line VALUES (835,148,'38-104',3);
INSERT INTO invoice_line VALUES (836,45,'38-110',6);
INSERT INTO invoice_line VALUES (837,60,'31-085',1);
INSERT INTO invoice_line VALUES (838,64,'38-106',7);
INSERT INTO invoice_line VALUES (839,34,'31-087',4);
INSERT INTO invoice_line VALUES (840,99,'84-022',4);
INSERT INTO invoice_line VALUES (841,114,'31-086',9);
INSERT INTO invoice_line VALUES (842,16,'65-045',7);
INSERT INTO invoice_line VALUES (843,160,'77-107',5);
INSERT INTO invoice_line VALUES (844,85,'31-082',8);
INSERT INTO invoice_line VALUES (845,168,'31-072',6);
INSERT INTO invoice_line VALUES (846,179,'65-047',8);
INSERT INTO invoice_line VALUES (847,33,'31-087',3);
INSERT INTO invoice_line VALUES (848,57,'68-191',3);
INSERT INTO invoice_line VALUES (849,112,'47-160',7);
INSERT INTO invoice_line VALUES (850,114,'82-032',1);
INSERT INTO invoice_line VALUES (851,77,'84-024',7);
INSERT INTO invoice_line VALUES (852,184,'84-017',6);
INSERT INTO invoice_line VALUES (853,57,'47-125',4);
INSERT INTO invoice_line VALUES (854,45,'38-110',4);
INSERT INTO invoice_line VALUES (855,75,'68-185',7);
INSERT INTO invoice_line VALUES (856,195,'25-072',1);
INSERT INTO invoice_line VALUES (857,141,'84-022',5);
INSERT INTO invoice_line VALUES (858,117,'84-021',7);
INSERT INTO invoice_line VALUES (859,134,'77-104',4);
INSERT INTO invoice_line VALUES (860,162,'31-087',5);
INSERT INTO invoice_line VALUES (861,146,'68-190',10);
INSERT INTO invoice_line VALUES (862,61,'11-543',3);
INSERT INTO invoice_line VALUES (863,190,'38-110',3);
INSERT INTO invoice_line VALUES (864,106,'38-103',4);
INSERT INTO invoice_line VALUES (865,167,'65-048',1);
INSERT INTO invoice_line VALUES (866,62,'84-016',1);
INSERT INTO invoice_line VALUES (867,117,'35-650',2);
INSERT INTO invoice_line VALUES (868,87,'65-046',8);
INSERT INTO invoice_line VALUES (869,50,'09-077',8);
INSERT INTO invoice_line VALUES (870,172,'15-991',8);
INSERT INTO invoice_line VALUES (871,91,'11-543',6);
INSERT INTO invoice_line VALUES (872,86,'25-074',2);
INSERT INTO invoice_line VALUES (873,10,'68-189',4);
INSERT INTO invoice_line VALUES (874,38,'77-101',2);
INSERT INTO invoice_line VALUES (875,188,'47-160',4);
INSERT INTO invoice_line VALUES (876,184,'77-107',6);
INSERT INTO invoice_line VALUES (877,36,'34-821',3);
INSERT INTO invoice_line VALUES (878,27,'31-083',8);
INSERT INTO invoice_line VALUES (879,132,'38-108',7);
INSERT INTO invoice_line VALUES (880,136,'65-047',9);
INSERT INTO invoice_line VALUES (881,119,'31-071',8);
INSERT INTO invoice_line VALUES (882,91,'25-070',1);
INSERT INTO invoice_line VALUES (883,158,'84-024',8);
INSERT INTO invoice_line VALUES (884,30,'31-085',3);
INSERT INTO invoice_line VALUES (885,122,'65-046',6);
INSERT INTO invoice_line VALUES (886,144,'05-303',8);
INSERT INTO invoice_line VALUES (887,123,'65-044',3);
INSERT INTO invoice_line VALUES (888,92,'11-518',4);
INSERT INTO invoice_line VALUES (889,84,'68-192',9);
INSERT INTO invoice_line VALUES (890,67,'77-104',9);
INSERT INTO invoice_line VALUES (891,21,'68-192',5);
INSERT INTO invoice_line VALUES (892,35,'84-021',7);
INSERT INTO invoice_line VALUES (893,130,'31-074',8);
INSERT INTO invoice_line VALUES (894,134,'38-107',1);
INSERT INTO invoice_line VALUES (895,179,'47-160',5);
INSERT INTO invoice_line VALUES (896,34,'68-188',9);
INSERT INTO invoice_line VALUES (897,3,'07-390',8);
INSERT INTO invoice_line VALUES (898,80,'31-087',10);
INSERT INTO invoice_line VALUES (899,115,'11-583',10);
INSERT INTO invoice_line VALUES (900,96,'38-103',4);
INSERT INTO invoice_line VALUES (901,132,'84-018',9);
INSERT INTO invoice_line VALUES (902,180,'07-390',2);
INSERT INTO invoice_line VALUES (903,90,'77-103',5);
INSERT INTO invoice_line VALUES (904,36,'77-104',5);
INSERT INTO invoice_line VALUES (905,172,'07-390',8);
INSERT INTO invoice_line VALUES (906,95,'65-047',10);
INSERT INTO invoice_line VALUES (907,79,'25-074',5);
INSERT INTO invoice_line VALUES (908,55,'65-045',4);
INSERT INTO invoice_line VALUES (909,161,'31-072',7);
INSERT INTO invoice_line VALUES (910,182,'25-069',7);
INSERT INTO invoice_line VALUES (911,43,'65-042',6);
INSERT INTO invoice_line VALUES (912,128,'31-087',8);
INSERT INTO invoice_line VALUES (913,24,'65-041',2);
INSERT INTO invoice_line VALUES (914,93,'65-043',8);
INSERT INTO invoice_line VALUES (915,28,'77-107',3);
INSERT INTO invoice_line VALUES (916,50,'05-303',3);
INSERT INTO invoice_line VALUES (917,25,'38-108',2);
INSERT INTO invoice_line VALUES (918,14,'25-072',3);
INSERT INTO invoice_line VALUES (919,157,'68-192',5);
INSERT INTO invoice_line VALUES (920,79,'25-073',1);
INSERT INTO invoice_line VALUES (921,124,'77-103',7);
INSERT INTO invoice_line VALUES (922,179,'25-075',2);
INSERT INTO invoice_line VALUES (923,173,'77-107',4);
INSERT INTO invoice_line VALUES (924,3,'84-021',2);
INSERT INTO invoice_line VALUES (925,129,'68-185',5);
INSERT INTO invoice_line VALUES (926,103,'11-518',9);
INSERT INTO invoice_line VALUES (927,61,'31-070',9);
INSERT INTO invoice_line VALUES (928,14,'31-086',10);
INSERT INTO invoice_line VALUES (929,192,'38-109',3);
INSERT INTO invoice_line VALUES (930,71,'31-088',3);
INSERT INTO invoice_line VALUES (931,76,'35-520',10);
INSERT INTO invoice_line VALUES (932,94,'14-040',6);
INSERT INTO invoice_line VALUES (933,136,'25-071',2);
INSERT INTO invoice_line VALUES (934,146,'25-075',5);
INSERT INTO invoice_line VALUES (935,23,'84-017',2);
INSERT INTO invoice_line VALUES (936,152,'25-069',5);
INSERT INTO invoice_line VALUES (937,34,'31-077',4);
INSERT INTO invoice_line VALUES (938,104,'31-084',6);
INSERT INTO invoice_line VALUES (939,48,'84-018',6);
INSERT INTO invoice_line VALUES (940,91,'77-107',9);
INSERT INTO invoice_line VALUES (941,119,'38-111',5);
INSERT INTO invoice_line VALUES (942,105,'68-185',5);
INSERT INTO invoice_line VALUES (943,79,'31-074',7);
INSERT INTO invoice_line VALUES (944,183,'31-075',9);
INSERT INTO invoice_line VALUES (945,151,'25-070',1);
INSERT INTO invoice_line VALUES (946,104,'07-390',9);
INSERT INTO invoice_line VALUES (947,149,'31-074',3);
INSERT INTO invoice_line VALUES (948,180,'31-072',4);
INSERT INTO invoice_line VALUES (949,138,'34-821',5);
INSERT INTO invoice_line VALUES (950,45,'31-084',4);
INSERT INTO invoice_line VALUES (951,62,'08-151',6);
INSERT INTO invoice_line VALUES (952,118,'07-390',9);
INSERT INTO invoice_line VALUES (953,161,'25-069',9);
INSERT INTO invoice_line VALUES (954,179,'84-024',7);
INSERT INTO invoice_line VALUES (955,19,'09-077',4);
INSERT INTO invoice_line VALUES (956,164,'34-821',4);
INSERT INTO invoice_line VALUES (957,29,'25-073',10);
INSERT INTO invoice_line VALUES (958,26,'38-104',10);
INSERT INTO invoice_line VALUES (959,68,'65-047',3);
INSERT INTO invoice_line VALUES (960,38,'25-071',8);
INSERT INTO invoice_line VALUES (961,114,'77-103',2);
INSERT INTO invoice_line VALUES (962,153,'25-072',5);
INSERT INTO invoice_line VALUES (963,161,'31-088',4);
INSERT INTO invoice_line VALUES (964,186,'31-086',5);
INSERT INTO invoice_line VALUES (965,98,'31-083',9);
INSERT INTO invoice_line VALUES (966,84,'11-573',3);
INSERT INTO invoice_line VALUES (967,176,'47-125',10);
INSERT INTO invoice_line VALUES (968,162,'31-071',8);
INSERT INTO invoice_line VALUES (969,49,'35-520',8);
INSERT INTO invoice_line VALUES (970,74,'77-105',5);
INSERT INTO invoice_line VALUES (971,36,'38-107',4);
INSERT INTO invoice_line VALUES (972,3,'84-021',5);
INSERT INTO invoice_line VALUES (973,163,'84-019',8);
INSERT INTO invoice_line VALUES (974,139,'31-088',7);
INSERT INTO invoice_line VALUES (975,197,'25-071',9);
INSERT INTO invoice_line VALUES (976,191,'15-991',9);
INSERT INTO invoice_line VALUES (977,76,'65-048',2);
INSERT INTO invoice_line VALUES (978,185,'31-084',9);
INSERT INTO invoice_line VALUES (979,53,'25-075',10);
INSERT INTO invoice_line VALUES (980,41,'84-017',10);
INSERT INTO invoice_line VALUES (981,197,'14-040',3);
INSERT INTO invoice_line VALUES (982,137,'38-110',4);
INSERT INTO invoice_line VALUES (983,110,'65-042',6);
INSERT INTO invoice_line VALUES (984,7,'77-104',7);
INSERT INTO invoice_line VALUES (985,71,'38-105',2);
INSERT INTO invoice_line VALUES (986,142,'07-390',7);
INSERT INTO invoice_line VALUES (987,113,'77-103',1);
INSERT INTO invoice_line VALUES (988,26,'65-044',2);
INSERT INTO invoice_line VALUES (989,199,'11-583',10);
INSERT INTO invoice_line VALUES (990,24,'31-081',2);
INSERT INTO invoice_line VALUES (991,193,'31-073',6);
INSERT INTO invoice_line VALUES (992,157,'31-086',2);
INSERT INTO invoice_line VALUES (993,200,'38-109',2);
INSERT INTO invoice_line VALUES (994,44,'31-068',10);
INSERT INTO invoice_line VALUES (995,104,'68-191',4);
INSERT INTO invoice_line VALUES (996,119,'65-041',2);
INSERT INTO invoice_line VALUES (997,128,'68-192',7);
INSERT INTO invoice_line VALUES (998,70,'25-070',5);
INSERT INTO invoice_line VALUES (999,19,'65-042',6);
INSERT INTO invoice_line VALUES (1000,178,'31-086',6);
INSERT INTO invoice_line VALUES (1001,81,'68-189',1);
INSERT INTO invoice_line VALUES (1002,184,'65-044',3);
INSERT INTO invoice_line VALUES (1003,104,'77-102',4);
INSERT INTO invoice_line VALUES (1004,50,'65-042',7);
INSERT INTO invoice_line VALUES (1005,129,'65-048',4);
INSERT INTO invoice_line VALUES (1006,89,'68-185',5);
INSERT INTO invoice_line VALUES (1007,95,'77-101',3);
INSERT INTO invoice_line VALUES (1008,131,'77-103',8);
INSERT INTO invoice_line VALUES (1009,161,'84-025',9);
INSERT INTO invoice_line VALUES (1010,43,'77-103',5);
INSERT INTO invoice_line VALUES (1011,143,'47-160',6);
INSERT INTO invoice_line VALUES (1012,14,'31-072',4);
INSERT INTO invoice_line VALUES (1013,44,'25-069',6);
INSERT INTO invoice_line VALUES (1014,33,'77-104',9);
INSERT INTO invoice_line VALUES (1015,76,'77-104',2);
INSERT INTO invoice_line VALUES (1016,133,'31-075',9);
INSERT INTO invoice_line VALUES (1017,173,'68-184',8);
INSERT INTO invoice_line VALUES (1018,191,'11-583',9);
INSERT INTO invoice_line VALUES (1019,196,'84-020',2);
INSERT INTO invoice_line VALUES (1020,65,'31-075',5);
INSERT INTO invoice_line VALUES (1021,30,'47-160',9);
INSERT INTO invoice_line VALUES (1022,143,'65-041',2);
INSERT INTO invoice_line VALUES (1023,58,'65-047',6);
INSERT INTO invoice_line VALUES (1024,41,'31-083',6);
INSERT INTO invoice_line VALUES (1025,44,'31-072',3);
INSERT INTO invoice_line VALUES (1026,89,'68-186',7);
INSERT INTO invoice_line VALUES (1027,116,'25-073',4);
INSERT INTO invoice_line VALUES (1028,160,'34-821',5);
INSERT INTO invoice_line VALUES (1029,56,'77-107',10);
INSERT INTO invoice_line VALUES (1030,105,'84-019',8);
INSERT INTO invoice_line VALUES (1031,7,'07-390',4);
INSERT INTO invoice_line VALUES (1032,116,'77-104',9);
INSERT INTO invoice_line VALUES (1033,59,'77-103',2);
INSERT INTO invoice_line VALUES (1034,125,'77-106',8);
INSERT INTO invoice_line VALUES (1035,127,'77-103',9);
INSERT INTO invoice_line VALUES (1036,190,'77-103',1);
INSERT INTO invoice_line VALUES (1037,106,'31-085',5);
INSERT INTO invoice_line VALUES (1038,115,'34-821',1);
INSERT INTO invoice_line VALUES (1039,89,'07-390',8);
INSERT INTO invoice_line VALUES (1040,145,'38-112',9);
INSERT INTO invoice_line VALUES (1041,127,'68-190',2);
INSERT INTO invoice_line VALUES (1042,197,'14-040',1);
INSERT INTO invoice_line VALUES (1043,171,'68-185',2);
INSERT INTO invoice_line VALUES (1044,177,'84-022',9);
INSERT INTO invoice_line VALUES (1045,78,'14-040',8);
INSERT INTO invoice_line VALUES (1046,197,'38-104',8);
INSERT INTO invoice_line VALUES (1047,175,'07-390',6);
INSERT INTO invoice_line VALUES (1048,43,'65-048',7);
INSERT INTO invoice_line VALUES (1049,89,'68-188',10);
INSERT INTO invoice_line VALUES (1050,191,'31-075',8);
INSERT INTO invoice_line VALUES (1051,189,'31-072',3);
INSERT INTO invoice_line VALUES (1052,16,'84-025',2);
INSERT INTO invoice_line VALUES (1053,24,'77-101',2);
INSERT INTO invoice_line VALUES (1054,2,'84-022',7);
INSERT INTO invoice_line VALUES (1055,197,'77-105',8);
INSERT INTO invoice_line VALUES (1056,118,'25-069',9);
INSERT INTO invoice_line VALUES (1057,115,'31-088',5);
INSERT INTO invoice_line VALUES (1058,45,'38-111',4);
INSERT INTO invoice_line VALUES (1059,4,'65-048',1);
INSERT INTO invoice_line VALUES (1060,114,'38-111',9);
INSERT INTO invoice_line VALUES (1061,151,'31-068',10);
INSERT INTO invoice_line VALUES (1062,43,'08-151',6);
INSERT INTO invoice_line VALUES (1063,16,'34-821',2);
INSERT INTO invoice_line VALUES (1064,4,'31-069',4);
INSERT INTO invoice_line VALUES (1065,176,'31-086',5);
INSERT INTO invoice_line VALUES (1066,80,'14-040',6);
INSERT INTO invoice_line VALUES (1067,65,'31-084',4);
INSERT INTO invoice_line VALUES (1068,8,'31-070',3);
INSERT INTO invoice_line VALUES (1069,50,'82-032',8);
INSERT INTO invoice_line VALUES (1070,143,'68-185',4);
INSERT INTO invoice_line VALUES (1071,67,'25-074',7);
INSERT INTO invoice_line VALUES (1072,173,'65-047',6);
INSERT INTO invoice_line VALUES (1073,59,'68-185',3);
INSERT INTO invoice_line VALUES (1074,22,'25-070',9);
INSERT INTO invoice_line VALUES (1075,118,'31-087',4);
INSERT INTO invoice_line VALUES (1076,198,'38-104',9);
INSERT INTO invoice_line VALUES (1077,31,'05-303',7);
INSERT INTO invoice_line VALUES (1078,125,'77-107',5);
INSERT INTO invoice_line VALUES (1079,39,'68-187',7);
INSERT INTO invoice_line VALUES (1080,44,'68-185',3);
INSERT INTO invoice_line VALUES (1081,131,'38-107',9);
INSERT INTO invoice_line VALUES (1082,4,'77-104',10);
INSERT INTO invoice_line VALUES (1083,181,'38-110',10);
INSERT INTO invoice_line VALUES (1084,163,'34-824',7);
INSERT INTO invoice_line VALUES (1085,34,'77-107',10);
INSERT INTO invoice_line VALUES (1086,5,'84-019',1);
INSERT INTO invoice_line VALUES (1087,116,'77-103',9);
INSERT INTO invoice_line VALUES (1088,112,'68-191',4);
INSERT INTO invoice_line VALUES (1089,97,'38-104',9);
INSERT INTO invoice_line VALUES (1090,195,'38-112',4);
INSERT INTO invoice_line VALUES (1091,82,'31-086',2);
INSERT INTO invoice_line VALUES (1092,130,'84-017',1);
INSERT INTO invoice_line VALUES (1093,105,'38-110',4);
INSERT INTO invoice_line VALUES (1094,72,'65-046',9);
INSERT INTO invoice_line VALUES (1095,33,'84-022',1);
INSERT INTO invoice_line VALUES (1096,161,'34-824',5);
INSERT INTO invoice_line VALUES (1097,157,'31-082',8);
INSERT INTO invoice_line VALUES (1098,128,'25-069',7);
INSERT INTO invoice_line VALUES (1099,24,'68-185',2);
INSERT INTO invoice_line VALUES (1100,22,'38-111',10);
INSERT INTO invoice_line VALUES (1101,200,'38-108',3);
INSERT INTO invoice_line VALUES (1102,62,'05-303',6);
INSERT INTO invoice_line VALUES (1103,192,'77-104',5);
INSERT INTO invoice_line VALUES (1104,89,'38-103',4);
INSERT INTO invoice_line VALUES (1105,85,'84-018',10);
INSERT INTO invoice_line VALUES (1106,75,'84-022',5);
INSERT INTO invoice_line VALUES (1107,129,'11-543',6);
INSERT INTO invoice_line VALUES (1108,111,'68-192',2);
INSERT INTO invoice_line VALUES (1109,134,'31-071',5);
INSERT INTO invoice_line VALUES (1110,87,'65-044',5);
INSERT INTO invoice_line VALUES (1111,77,'31-069',6);
INSERT INTO invoice_line VALUES (1112,129,'77-102',4);
INSERT INTO invoice_line VALUES (1113,130,'38-109',7);
INSERT INTO invoice_line VALUES (1114,146,'14-040',8);
INSERT INTO invoice_line VALUES (1115,155,'31-068',8);
INSERT INTO invoice_line VALUES (1116,22,'77-107',10);
INSERT INTO invoice_line VALUES (1117,10,'65-046',6);
INSERT INTO invoice_line VALUES (1118,121,'31-072',4);
INSERT INTO invoice_line VALUES (1119,30,'68-189',9);
INSERT INTO invoice_line VALUES (1120,170,'68-191',7);
INSERT INTO invoice_line VALUES (1121,114,'31-077',8);
INSERT INTO invoice_line VALUES (1122,37,'38-110',8);
INSERT INTO invoice_line VALUES (1123,184,'25-071',7);
INSERT INTO invoice_line VALUES (1124,16,'11-573',10);
INSERT INTO invoice_line VALUES (1125,94,'31-084',5);
INSERT INTO invoice_line VALUES (1126,181,'25-072',6);
INSERT INTO invoice_line VALUES (1127,124,'31-085',2);
INSERT INTO invoice_line VALUES (1128,200,'77-103',3);
INSERT INTO invoice_line VALUES (1129,42,'31-088',10);
INSERT INTO invoice_line VALUES (1130,195,'65-043',6);
INSERT INTO invoice_line VALUES (1131,158,'34-821',8);
INSERT INTO invoice_line VALUES (1132,25,'35-520',6);
INSERT INTO invoice_line VALUES (1133,104,'77-106',10);
INSERT INTO invoice_line VALUES (1134,177,'65-046',8);
INSERT INTO invoice_line VALUES (1135,117,'11-518',7);
INSERT INTO invoice_line VALUES (1136,115,'84-020',3);
INSERT INTO invoice_line VALUES (1137,78,'31-070',4);
INSERT INTO invoice_line VALUES (1138,151,'08-151',8);
INSERT INTO invoice_line VALUES (1139,99,'77-101',1);
INSERT INTO invoice_line VALUES (1140,122,'11-573',8);
INSERT INTO invoice_line VALUES (1141,150,'38-108',5);
INSERT INTO invoice_line VALUES (1142,13,'31-088',7);
INSERT INTO invoice_line VALUES (1143,195,'47-160',8);
INSERT INTO invoice_line VALUES (1144,72,'31-075',10);
INSERT INTO invoice_line VALUES (1145,168,'31-083',9);
INSERT INTO invoice_line VALUES (1146,144,'25-073',9);
INSERT INTO invoice_line VALUES (1147,139,'77-104',9);
INSERT INTO invoice_line VALUES (1148,76,'65-041',2);
INSERT INTO invoice_line VALUES (1149,180,'31-071',3);
INSERT INTO invoice_line VALUES (1150,95,'25-070',5);
INSERT INTO invoice_line VALUES (1151,73,'07-390',4);
INSERT INTO invoice_line VALUES (1152,56,'84-025',3);
INSERT INTO invoice_line VALUES (1153,195,'77-107',3);
INSERT INTO invoice_line VALUES (1154,33,'84-018',10);
INSERT INTO invoice_line VALUES (1155,141,'25-074',10);
INSERT INTO invoice_line VALUES (1156,113,'31-087',9);
INSERT INTO invoice_line VALUES (1157,117,'31-086',2);
INSERT INTO invoice_line VALUES (1158,49,'68-188',5);
INSERT INTO invoice_line VALUES (1159,116,'84-025',10);
INSERT INTO invoice_line VALUES (1160,126,'68-192',7);
INSERT INTO invoice_line VALUES (1161,182,'68-188',9);
INSERT INTO invoice_line VALUES (1162,160,'68-184',4);
INSERT INTO invoice_line VALUES (1163,196,'38-104',5);
INSERT INTO invoice_line VALUES (1164,51,'31-073',2);
INSERT INTO invoice_line VALUES (1165,64,'65-044',4);
INSERT INTO invoice_line VALUES (1166,134,'38-107',3);
INSERT INTO invoice_line VALUES (1167,136,'38-111',10);
INSERT INTO invoice_line VALUES (1168,182,'77-107',6);
INSERT INTO invoice_line VALUES (1169,127,'77-104',5);
INSERT INTO invoice_line VALUES (1170,92,'68-192',1);
INSERT INTO invoice_line VALUES (1171,100,'31-072',6);
INSERT INTO invoice_line VALUES (1172,131,'68-192',4);
INSERT INTO invoice_line VALUES (1173,144,'35-520',9);
INSERT INTO invoice_line VALUES (1174,83,'31-074',4);
INSERT INTO invoice_line VALUES (1175,24,'38-107',5);
INSERT INTO invoice_line VALUES (1176,188,'38-108',10);
INSERT INTO invoice_line VALUES (1177,21,'84-024',4);
INSERT INTO invoice_line VALUES (1178,110,'65-046',1);
INSERT INTO invoice_line VALUES (1179,161,'65-046',7);
INSERT INTO invoice_line VALUES (1180,37,'38-112',9);
INSERT INTO invoice_line VALUES (1181,106,'31-077',4);
INSERT INTO invoice_line VALUES (1182,41,'65-047',4);
INSERT INTO invoice_line VALUES (1183,153,'11-543',9);
INSERT INTO invoice_line VALUES (1184,163,'38-106',9);
INSERT INTO invoice_line VALUES (1185,76,'31-086',3);
INSERT INTO invoice_line VALUES (1186,138,'38-103',5);
INSERT INTO invoice_line VALUES (1187,145,'15-991',5);
INSERT INTO invoice_line VALUES (1188,124,'08-151',6);
INSERT INTO invoice_line VALUES (1189,124,'31-087',9);
INSERT INTO invoice_line VALUES (1190,82,'25-072',9);
INSERT INTO invoice_line VALUES (1191,79,'84-016',9);
INSERT INTO invoice_line VALUES (1192,163,'84-021',7);
INSERT INTO invoice_line VALUES (1193,163,'68-189',2);
INSERT INTO invoice_line VALUES (1194,180,'31-075',6);
INSERT INTO invoice_line VALUES (1195,85,'31-086',6);
INSERT INTO invoice_line VALUES (1196,167,'84-017',10);
INSERT INTO invoice_line VALUES (1197,87,'65-048',9);
INSERT INTO invoice_line VALUES (1198,118,'31-074',5);
INSERT INTO invoice_line VALUES (1199,80,'25-069',8);
INSERT INTO invoice_line VALUES (1200,181,'84-024',5);
INSERT INTO invoice_line VALUES (1201,26,'35-520',8);
INSERT INTO invoice_line VALUES (1202,153,'08-151',7);
INSERT INTO invoice_line VALUES (1203,168,'65-047',2);
INSERT INTO invoice_line VALUES (1204,151,'47-160',2);
INSERT INTO invoice_line VALUES (1205,89,'77-102',2);
INSERT INTO invoice_line VALUES (1206,101,'84-021',9);
INSERT INTO invoice_line VALUES (1207,193,'65-042',2);
INSERT INTO invoice_line VALUES (1208,162,'25-075',10);
INSERT INTO invoice_line VALUES (1209,80,'07-390',6);
INSERT INTO invoice_line VALUES (1210,161,'31-072',3);
INSERT INTO invoice_line VALUES (1211,196,'77-104',5);
INSERT INTO invoice_line VALUES (1212,14,'31-075',1);
INSERT INTO invoice_line VALUES (1213,199,'31-071',8);
INSERT INTO invoice_line VALUES (1214,67,'84-020',6);
INSERT INTO invoice_line VALUES (1215,48,'11-518',6);
INSERT INTO invoice_line VALUES (1216,111,'68-186',8);
INSERT INTO invoice_line VALUES (1217,119,'31-087',9);
INSERT INTO invoice_line VALUES (1218,188,'25-070',8);
INSERT INTO invoice_line VALUES (1219,188,'77-106',9);
INSERT INTO invoice_line VALUES (1220,93,'84-025',10);
INSERT INTO invoice_line VALUES (1221,3,'14-040',5);
INSERT INTO invoice_line VALUES (1222,73,'68-185',3);
INSERT INTO invoice_line VALUES (1223,94,'31-084',7);
INSERT INTO invoice_line VALUES (1224,81,'84-025',2);
INSERT INTO invoice_line VALUES (1225,141,'65-044',2);
INSERT INTO invoice_line VALUES (1226,162,'34-821',1);
INSERT INTO invoice_line VALUES (1227,84,'11-583',8);
INSERT INTO invoice_line VALUES (1228,7,'25-073',7);
INSERT INTO invoice_line VALUES (1229,77,'08-151',1);
INSERT INTO invoice_line VALUES (1230,190,'31-081',10);
INSERT INTO invoice_line VALUES (1231,68,'38-110',6);
INSERT INTO invoice_line VALUES (1232,177,'84-018',1);
INSERT INTO invoice_line VALUES (1233,51,'84-021',8);
INSERT INTO invoice_line VALUES (1234,156,'31-088',2);
INSERT INTO invoice_line VALUES (1235,186,'68-189',7);
INSERT INTO invoice_line VALUES (1236,165,'68-188',7);
INSERT INTO invoice_line VALUES (1237,118,'31-070',7);
INSERT INTO invoice_line VALUES (1238,165,'31-084',8);
INSERT INTO invoice_line VALUES (1239,86,'31-080',7);
INSERT INTO invoice_line VALUES (1240,3,'47-125',10);
INSERT INTO invoice_line VALUES (1241,43,'84-020',4);
INSERT INTO invoice_line VALUES (1242,63,'31-076',1);
INSERT INTO invoice_line VALUES (1243,45,'11-518',9);
INSERT INTO invoice_line VALUES (1244,56,'84-024',7);
INSERT INTO invoice_line VALUES (1245,137,'84-022',10);
INSERT INTO invoice_line VALUES (1246,58,'25-075',3);
INSERT INTO invoice_line VALUES (1247,101,'82-032',9);
INSERT INTO invoice_line VALUES (1248,36,'31-084',8);
INSERT INTO invoice_line VALUES (1249,64,'31-072',4);
INSERT INTO invoice_line VALUES (1250,16,'84-019',5);
INSERT INTO invoice_line VALUES (1251,167,'25-074',9);
INSERT INTO invoice_line VALUES (1252,192,'47-125',10);
INSERT INTO invoice_line VALUES (1253,19,'25-073',1);
INSERT INTO invoice_line VALUES (1254,78,'68-184',8);
INSERT INTO invoice_line VALUES (1255,54,'38-105',2);
INSERT INTO invoice_line VALUES (1256,12,'25-070',5);
INSERT INTO invoice_line VALUES (1257,9,'31-071',9);
INSERT INTO invoice_line VALUES (1258,26,'35-520',8);
INSERT INTO invoice_line VALUES (1259,139,'47-160',10);
INSERT INTO invoice_line VALUES (1260,115,'34-824',1);
INSERT INTO invoice_line VALUES (1261,182,'65-041',8);
INSERT INTO invoice_line VALUES (1262,25,'82-032',1);
INSERT INTO invoice_line VALUES (1263,71,'38-111',10);
INSERT INTO invoice_line VALUES (1264,47,'35-520',8);
INSERT INTO invoice_line VALUES (1265,33,'34-824',9);
INSERT INTO invoice_line VALUES (1266,159,'31-069',6);
INSERT INTO invoice_line VALUES (1267,200,'34-821',10);
INSERT INTO invoice_line VALUES (1268,92,'09-077',7);
INSERT INTO invoice_line VALUES (1269,75,'38-105',9);
INSERT INTO invoice_line VALUES (1270,185,'77-102',7);
INSERT INTO invoice_line VALUES (1271,14,'31-074',6);
INSERT INTO invoice_line VALUES (1272,175,'31-086',5);
INSERT INTO invoice_line VALUES (1273,78,'25-075',1);
INSERT INTO invoice_line VALUES (1274,92,'84-023',2);
INSERT INTO invoice_line VALUES (1275,38,'25-070',8);
INSERT INTO invoice_line VALUES (1276,193,'25-073',3);
INSERT INTO invoice_line VALUES (1277,177,'15-991',7);
INSERT INTO invoice_line VALUES (1278,83,'38-103',7);
INSERT INTO invoice_line VALUES (1279,81,'77-103',3);
INSERT INTO invoice_line VALUES (1280,45,'84-017',10);
INSERT INTO invoice_line VALUES (1281,46,'68-185',1);
INSERT INTO invoice_line VALUES (1282,79,'25-073',1);
INSERT INTO invoice_line VALUES (1283,188,'65-044',6);
INSERT INTO invoice_line VALUES (1284,100,'65-044',8);
INSERT INTO invoice_line VALUES (1285,181,'31-076',5);
INSERT INTO invoice_line VALUES (1286,32,'84-018',9);
INSERT INTO invoice_line VALUES (1287,142,'25-071',4);
INSERT INTO invoice_line VALUES (1288,184,'31-072',7);
INSERT INTO invoice_line VALUES (1289,84,'68-189',6);
INSERT INTO invoice_line VALUES (1290,2,'11-518',3);
INSERT INTO invoice_line VALUES (1291,142,'07-390',7);
INSERT INTO invoice_line VALUES (1292,129,'31-077',7);
INSERT INTO invoice_line VALUES (1293,132,'84-021',2);
INSERT INTO invoice_line VALUES (1294,134,'68-186',4);
INSERT INTO invoice_line VALUES (1295,11,'31-075',8);
INSERT INTO invoice_line VALUES (1296,73,'65-047',8);
INSERT INTO invoice_line VALUES (1297,85,'25-071',4);
INSERT INTO invoice_line VALUES (1298,161,'84-025',2);
INSERT INTO invoice_line VALUES (1299,195,'38-110',3);
INSERT INTO invoice_line VALUES (1300,146,'84-016',7);
INSERT INTO invoice_line VALUES (1301,96,'77-102',9);
INSERT INTO invoice_line VALUES (1302,115,'77-105',10);
INSERT INTO invoice_line VALUES (1303,142,'31-080',4);
INSERT INTO invoice_line VALUES (1304,136,'25-074',4);
INSERT INTO invoice_line VALUES (1305,53,'38-111',8);
INSERT INTO invoice_line VALUES (1306,27,'68-192',3);
INSERT INTO invoice_line VALUES (1307,178,'25-074',7);
INSERT INTO invoice_line VALUES (1308,178,'31-084',5);
INSERT INTO invoice_line VALUES (1309,23,'31-075',4);
INSERT INTO invoice_line VALUES (1310,3,'31-083',2);
INSERT INTO invoice_line VALUES (1311,114,'84-018',5);
INSERT INTO invoice_line VALUES (1312,110,'84-023',9);
INSERT INTO invoice_line VALUES (1313,129,'77-107',1);
INSERT INTO invoice_line VALUES (1314,200,'25-069',2);
INSERT INTO invoice_line VALUES (1315,185,'05-303',10);
INSERT INTO invoice_line VALUES (1316,73,'31-071',10);
INSERT INTO invoice_line VALUES (1317,14,'77-107',8);
INSERT INTO invoice_line VALUES (1318,65,'68-189',5);
INSERT INTO invoice_line VALUES (1319,85,'31-069',3);
INSERT INTO invoice_line VALUES (1320,162,'14-040',2);
INSERT INTO invoice_line VALUES (1321,104,'31-083',9);
INSERT INTO invoice_line VALUES (1322,17,'65-041',8);
INSERT INTO invoice_line VALUES (1323,57,'68-188',5);
INSERT INTO invoice_line VALUES (1324,99,'38-109',6);
INSERT INTO invoice_line VALUES (1325,110,'77-105',9);
INSERT INTO invoice_line VALUES (1326,182,'35-520',4);
INSERT INTO invoice_line VALUES (1327,47,'31-074',8);
INSERT INTO invoice_line VALUES (1328,143,'68-192',9);
INSERT INTO invoice_line VALUES (1329,72,'68-184',8);
INSERT INTO invoice_line VALUES (1330,47,'47-125',6);
INSERT INTO invoice_line VALUES (1331,89,'31-083',7);
INSERT INTO invoice_line VALUES (1332,55,'65-045',6);
INSERT INTO invoice_line VALUES (1333,97,'65-047',8);
INSERT INTO invoice_line VALUES (1334,193,'31-086',9);
INSERT INTO invoice_line VALUES (1335,12,'77-107',8);
INSERT INTO invoice_line VALUES (1336,131,'84-018',4);
INSERT INTO invoice_line VALUES (1337,123,'38-105',10);
INSERT INTO invoice_line VALUES (1338,5,'47-125',5);
INSERT INTO invoice_line VALUES (1339,39,'77-106',2);
INSERT INTO invoice_line VALUES (1340,13,'84-024',9);
INSERT INTO invoice_line VALUES (1341,135,'65-046',3);
INSERT INTO invoice_line VALUES (1342,187,'31-073',6);
INSERT INTO invoice_line VALUES (1343,140,'11-518',9);
INSERT INTO invoice_line VALUES (1344,186,'31-086',6);
INSERT INTO invoice_line VALUES (1345,116,'15-991',3);
INSERT INTO invoice_line VALUES (1346,50,'77-106',3);
INSERT INTO invoice_line VALUES (1347,151,'31-077',10);
INSERT INTO invoice_line VALUES (1348,90,'38-112',8);
INSERT INTO invoice_line VALUES (1349,17,'08-151',3);
INSERT INTO invoice_line VALUES (1350,161,'31-080',10);
INSERT INTO invoice_line VALUES (1351,151,'31-072',5);
INSERT INTO invoice_line VALUES (1352,51,'05-303',7);
INSERT INTO invoice_line VALUES (1353,94,'84-016',9);
INSERT INTO invoice_line VALUES (1354,68,'65-043',2);
INSERT INTO invoice_line VALUES (1355,182,'84-017',2);
INSERT INTO invoice_line VALUES (1356,125,'77-102',9);
INSERT INTO invoice_line VALUES (1357,92,'31-076',1);
INSERT INTO invoice_line VALUES (1358,87,'84-021',4);
INSERT INTO invoice_line VALUES (1359,85,'11-518',10);
INSERT INTO invoice_line VALUES (1360,191,'77-106',8);
INSERT INTO invoice_line VALUES (1361,47,'68-192',7);
INSERT INTO invoice_line VALUES (1362,27,'31-071',7);
INSERT INTO invoice_line VALUES (1363,133,'77-107',10);
INSERT INTO invoice_line VALUES (1364,108,'68-190',2);
INSERT INTO invoice_line VALUES (1365,75,'25-074',3);
INSERT INTO invoice_line VALUES (1366,101,'08-151',1);
INSERT INTO invoice_line VALUES (1367,118,'84-018',7);
INSERT INTO invoice_line VALUES (1368,156,'65-045',5);
INSERT INTO invoice_line VALUES (1369,178,'68-184',5);
INSERT INTO invoice_line VALUES (1370,93,'77-102',7);
INSERT INTO invoice_line VALUES (1371,183,'38-112',7);
INSERT INTO invoice_line VALUES (1372,68,'77-105',5);
INSERT INTO invoice_line VALUES (1373,136,'07-390',4);
INSERT INTO invoice_line VALUES (1374,170,'25-070',10);
INSERT INTO invoice_line VALUES (1375,185,'65-046',6);
INSERT INTO invoice_line VALUES (1376,9,'31-077',5);
INSERT INTO invoice_line VALUES (1377,85,'77-105',4);
INSERT INTO invoice_line VALUES (1378,189,'65-046',3);
INSERT INTO invoice_line VALUES (1379,49,'38-112',5);
INSERT INTO invoice_line VALUES (1380,145,'31-084',6);
INSERT INTO invoice_line VALUES (1381,129,'14-040',10);
INSERT INTO invoice_line VALUES (1382,103,'31-070',10);
INSERT INTO invoice_line VALUES (1383,60,'38-107',1);
INSERT INTO invoice_line VALUES (1384,76,'84-025',8);
INSERT INTO invoice_line VALUES (1385,121,'68-191',2);
INSERT INTO invoice_line VALUES (1386,39,'77-103',6);
INSERT INTO invoice_line VALUES (1387,118,'31-083',7);
INSERT INTO invoice_line VALUES (1388,24,'84-020',10);
INSERT INTO invoice_line VALUES (1389,134,'31-070',2);
INSERT INTO invoice_line VALUES (1390,149,'65-042',5);
INSERT INTO invoice_line VALUES (1391,72,'38-108',9);
INSERT INTO invoice_line VALUES (1392,52,'08-151',4);
INSERT INTO invoice_line VALUES (1393,130,'84-016',10);
INSERT INTO invoice_line VALUES (1394,11,'84-024',9);
INSERT INTO invoice_line VALUES (1395,18,'14-040',6);
INSERT INTO invoice_line VALUES (1396,59,'31-082',10);
INSERT INTO invoice_line VALUES (1397,78,'68-186',5);
INSERT INTO invoice_line VALUES (1398,188,'68-185',3);
INSERT INTO invoice_line VALUES (1399,181,'84-024',7);
INSERT INTO invoice_line VALUES (1400,122,'84-024',5);
INSERT INTO invoice_line VALUES (1401,82,'68-188',8);
INSERT INTO invoice_line VALUES (1402,38,'31-076',10);
INSERT INTO invoice_line VALUES (1403,169,'25-069',5);
INSERT INTO invoice_line VALUES (1404,193,'84-016',8);
INSERT INTO invoice_line VALUES (1405,17,'31-083',9);
INSERT INTO invoice_line VALUES (1406,55,'47-125',5);
INSERT INTO invoice_line VALUES (1407,198,'68-186',3);
INSERT INTO invoice_line VALUES (1408,185,'25-070',7);
INSERT INTO invoice_line VALUES (1409,31,'68-188',8);
INSERT INTO invoice_line VALUES (1410,27,'38-110',2);
INSERT INTO invoice_line VALUES (1411,75,'82-032',7);
INSERT INTO invoice_line VALUES (1412,10,'31-080',10);
INSERT INTO invoice_line VALUES (1413,24,'11-543',1);
INSERT INTO invoice_line VALUES (1414,125,'68-186',1);
INSERT INTO invoice_line VALUES (1415,50,'77-102',9);
INSERT INTO invoice_line VALUES (1416,65,'25-074',7);
INSERT INTO invoice_line VALUES (1417,164,'38-105',3);
INSERT INTO invoice_line VALUES (1418,193,'65-048',10);
INSERT INTO invoice_line VALUES (1419,44,'65-042',4);
INSERT INTO invoice_line VALUES (1420,174,'65-043',7);
INSERT INTO invoice_line VALUES (1421,11,'11-543',8);
INSERT INTO invoice_line VALUES (1422,135,'38-103',8);
INSERT INTO invoice_line VALUES (1423,56,'84-017',3);
INSERT INTO invoice_line VALUES (1424,105,'31-083',3);
INSERT INTO invoice_line VALUES (1425,132,'68-185',7);
INSERT INTO invoice_line VALUES (1426,135,'77-101',7);
INSERT INTO invoice_line VALUES (1427,89,'65-045',5);
INSERT INTO invoice_line VALUES (1428,80,'31-084',7);
INSERT INTO invoice_line VALUES (1429,200,'14-040',2);
INSERT INTO invoice_line VALUES (1430,194,'15-991',4);
INSERT INTO invoice_line VALUES (1431,35,'77-104',3);
INSERT INTO invoice_line VALUES (1432,44,'65-048',6);
INSERT INTO invoice_line VALUES (1433,79,'47-160',2);
INSERT INTO invoice_line VALUES (1434,173,'11-583',2);
INSERT INTO invoice_line VALUES (1435,57,'65-042',6);
INSERT INTO invoice_line VALUES (1436,192,'34-821',10);
INSERT INTO invoice_line VALUES (1437,31,'65-043',8);
INSERT INTO invoice_line VALUES (1438,11,'77-103',10);
INSERT INTO invoice_line VALUES (1439,89,'08-151',9);
INSERT INTO invoice_line VALUES (1440,11,'84-022',8);
INSERT INTO invoice_line VALUES (1441,32,'38-109',10);
INSERT INTO invoice_line VALUES (1442,80,'31-075',6);
INSERT INTO invoice_line VALUES (1443,17,'35-520',4);
INSERT INTO invoice_line VALUES (1444,60,'25-073',7);
INSERT INTO invoice_line VALUES (1445,59,'77-106',7);
INSERT INTO invoice_line VALUES (1446,152,'84-017',3);
INSERT INTO invoice_line VALUES (1447,105,'65-044',1);
INSERT INTO invoice_line VALUES (1448,70,'38-104',2);
INSERT INTO invoice_line VALUES (1449,161,'31-088',4);
INSERT INTO invoice_line VALUES (1450,34,'65-044',8);
INSERT INTO invoice_line VALUES (1451,153,'47-160',7);
INSERT INTO invoice_line VALUES (1452,127,'31-080',3);
INSERT INTO invoice_line VALUES (1453,78,'82-032',6);
INSERT INTO invoice_line VALUES (1454,184,'31-085',3);
INSERT INTO invoice_line VALUES (1455,20,'47-125',8);
INSERT INTO invoice_line VALUES (1456,35,'84-016',3);
INSERT INTO invoice_line VALUES (1457,48,'38-106',2);
INSERT INTO invoice_line VALUES (1458,42,'68-192',3);
INSERT INTO invoice_line VALUES (1459,110,'77-104',9);
INSERT INTO invoice_line VALUES (1460,180,'34-824',9);
INSERT INTO invoice_line VALUES (1461,2,'65-044',5);
INSERT INTO invoice_line VALUES (1462,167,'38-105',5);
INSERT INTO invoice_line VALUES (1463,151,'07-390',3);
INSERT INTO invoice_line VALUES (1464,33,'68-187',10);
INSERT INTO invoice_line VALUES (1465,78,'31-088',10);
INSERT INTO invoice_line VALUES (1466,150,'65-045',5);
INSERT INTO invoice_line VALUES (1467,56,'31-077',10);
INSERT INTO invoice_line VALUES (1468,138,'31-084',5);
INSERT INTO invoice_line VALUES (1469,193,'25-072',9);
INSERT INTO invoice_line VALUES (1470,2,'31-072',3);
INSERT INTO invoice_line VALUES (1471,129,'38-104',4);
INSERT INTO invoice_line VALUES (1472,170,'15-991',10);
INSERT INTO invoice_line VALUES (1473,54,'25-073',4);
INSERT INTO invoice_line VALUES (1474,181,'31-071',6);
INSERT INTO invoice_line VALUES (1475,84,'09-077',3);
INSERT INTO invoice_line VALUES (1476,90,'38-105',6);
INSERT INTO invoice_line VALUES (1477,23,'31-082',7);
INSERT INTO invoice_line VALUES (1478,71,'38-104',2);
INSERT INTO invoice_line VALUES (1479,7,'31-076',9);
INSERT INTO invoice_line VALUES (1480,79,'34-821',9);
INSERT INTO invoice_line VALUES (1481,64,'35-520',4);
INSERT INTO invoice_line VALUES (1482,183,'34-821',5);
INSERT INTO invoice_line VALUES (1483,110,'38-106',1);
INSERT INTO invoice_line VALUES (1484,40,'31-081',6);
INSERT INTO invoice_line VALUES (1485,10,'11-583',10);
INSERT INTO invoice_line VALUES (1486,26,'38-109',10);
INSERT INTO invoice_line VALUES (1487,121,'31-080',8);
INSERT INTO invoice_line VALUES (1488,162,'65-041',3);
INSERT INTO invoice_line VALUES (1489,150,'31-086',4);
INSERT INTO invoice_line VALUES (1490,163,'31-086',5);
INSERT INTO invoice_line VALUES (1491,46,'68-184',6);
INSERT INTO invoice_line VALUES (1492,153,'31-068',5);
INSERT INTO invoice_line VALUES (1493,49,'68-190',6);
INSERT INTO invoice_line VALUES (1494,168,'34-824',2);
INSERT INTO invoice_line VALUES (1495,49,'25-071',7);
INSERT INTO invoice_line VALUES (1496,140,'38-107',2);
INSERT INTO invoice_line VALUES (1497,126,'34-821',7);
INSERT INTO invoice_line VALUES (1498,99,'31-076',8);
INSERT INTO invoice_line VALUES (1499,170,'25-072',2);
INSERT INTO invoice_line VALUES (1500,9,'68-186',8);

--
-- Table structure for table 'Draft'
--

CREATE TABLE  IF NOT EXISTS Draft (
  num_invoice int(11) NOT NULL default '0',
  PRIMARY KEY  (num_invoice),
  CONSTRAINT `0_63` FOREIGN KEY (`num_invoice`) REFERENCES `invoice` (`num_invoice`)
) ;

--
-- Dumping data for table 'Draft'
--


